-- phpMyAdmin SQL Dump
-- version 4.1.9
-- http://www.phpmyadmin.net
--
-- Host: localhost
-- Generation Time: 2014 年 9 月 16 日 22:04
-- サーバのバージョン： 5.5.34
-- PHP Version: 5.4.22

SET SQL_MODE = "NO_AUTO_VALUE_ON_ZERO";
SET time_zone = "+00:00";


/*!40101 SET @OLD_CHARACTER_SET_CLIENT=@@CHARACTER_SET_CLIENT */;
/*!40101 SET @OLD_CHARACTER_SET_RESULTS=@@CHARACTER_SET_RESULTS */;
/*!40101 SET @OLD_COLLATION_CONNECTION=@@COLLATION_CONNECTION */;
/*!40101 SET NAMES utf8 */;

--
-- Database: `mmetaboweb_db`
--

-- --------------------------------------------------------

--
-- テーブルの構造 `ax_access_log`
--

CREATE TABLE IF NOT EXISTS `ax_access_log` (
  `access_time` datetime DEFAULT NULL COMMENT 'アクセス日時',
  `ax_account_id` int(11) DEFAULT NULL COMMENT 'アカウントマスタID 分かれば記録する',
  `carrier` int(11) NOT NULL DEFAULT '0' COMMENT 'キャリア 0：その他、b001：ドコモ、b010：au、b100：Softbank',
  `model` text COMMENT '端末モデル',
  `action` text COMMENT 'アクション アクセス先ページを識別するアクション名',
  `mobile_id` text COMMENT 'GUID／SubNo UID相当のユーザ識別コードを格納する。ユニークユーザベースの集計目的',
  `official_id` text COMMENT 'UID',
  `serial` text COMMENT '端末固有番号 SerialNumber相当の端末固有のIDを格納する。ユニークブラウザベーの集計目的',
  `referer` text,
  `user_agent` text,
  `path` text,
  `query_string` text,
  `request_uri` text,
  `script_filename` text,
  `script_name` text,
  `server_addr` text,
  `http_header` text COMMENT 'HTTPヘッダ情報 serializeしてまとめて保存（ログとして）',
  `tracking_code` blob COMMENT 'トラッキングコード（引き回すコード一式（array）をserializeしたものを格納',
  `tr` blob COMMENT 'トラッキングコード'
) ENGINE=MyISAM DEFAULT CHARSET=utf8;

-- --------------------------------------------------------

--
-- テーブルの構造 `ax_session`
--

CREATE TABLE IF NOT EXISTS `ax_session` (
  `sess_id` varchar(255) NOT NULL,
  `sess_updated` int(10) NOT NULL DEFAULT '0',
  `sess_ip` varchar(255) NOT NULL,
  `sess_data` longblob NOT NULL,
  PRIMARY KEY (`sess_id`)
) ENGINE=MyISAM DEFAULT CHARSET=utf8;

-- --------------------------------------------------------

--
-- テーブルの構造 `files_tenant`
--

CREATE TABLE IF NOT EXISTS `files_tenant` (
  `id` int(11) NOT NULL AUTO_INCREMENT,
  `name` varchar(255) NOT NULL,
  `mime` varchar(50) NOT NULL,
  `size` int(11) NOT NULL,
  `data` mediumblob NOT NULL,
  `tenant_id` int(11) NOT NULL,
  `created` datetime NOT NULL,
  PRIMARY KEY (`id`),
  UNIQUE KEY `tenant_id` (`tenant_id`)
) ENGINE=InnoDB DEFAULT CHARSET=utf8 AUTO_INCREMENT=1 ;

-- --------------------------------------------------------

--
-- テーブルの構造 `m_choice`
--

CREATE TABLE IF NOT EXISTS `m_choice` (
  `choice_id` int(11) NOT NULL,
  `layer_id` int(11) NOT NULL,
  `section_id` int(11) NOT NULL,
  `choice_type` enum('radio','checkbox','date','time','datetime','string','numeric','slider','year','month','day','slider_hour','slider_show_by_step','slider_minute','tab','accordion') DEFAULT NULL COMMENT '入力フォームの形式',
  `choice_string` varchar(100) DEFAULT NULL COMMENT '選択文字列',
  `choice_string_US` varchar(100) DEFAULT NULL,
  `choice_string_CN` varchar(45) DEFAULT NULL,
  `choice_string_KR` varchar(45) DEFAULT NULL,
  `choice_string_unit` varchar(45) DEFAULT NULL COMMENT '数値入力等の際の単位',
  `order_in_layer` int(11) DEFAULT NULL COMMENT 'グループ内の選択肢の順序',
  `ui_type` int(11) DEFAULT NULL COMMENT 'UIの表示形式。システム毎に使用',
  `value_max` float DEFAULT NULL COMMENT '最大値',
  `value_min` float DEFAULT NULL COMMENT '最小値	',
  `value_step` float DEFAULT NULL COMMENT '値の刻み（スライダー用）',
  `value_default` float DEFAULT NULL COMMENT 'デフォルト値',
  `lead` varchar(45) DEFAULT NULL COMMENT '補足文字列',
  PRIMARY KEY (`choice_id`,`layer_id`,`section_id`),
  KEY `layer_order` (`order_in_layer`)
) ENGINE=InnoDB DEFAULT CHARSET=utf8 COMMENT='設問の選択肢マスタ';

--
-- テーブルのデータのダンプ `m_choice`
--

INSERT INTO `m_choice` (`choice_id`, `layer_id`, `section_id`, `choice_type`, `choice_string`, `choice_string_US`, `choice_string_CN`, `choice_string_KR`, `choice_string_unit`, `order_in_layer`, `ui_type`, `value_max`, `value_min`, `value_step`, `value_default`, `lead`) VALUES
(10001, 101, 2001, 'string', '', '', '', '', '', 1, 0, 0, 0, 0, 0, ''),
(10002, 102, 2002, 'year', '', '', '', '', '年', 1, 0, 2010, 1910, 1, 1960, ''),
(10003, 102, 2002, 'month', '', '', '', '', '月', 2, 0, 12, 1, 1, 6, ''),
(10004, 102, 2002, 'day', '', '', '', '', '日', 3, 0, 31, 1, 1, 15, ''),
(10005, 103, 2003, 'radio', '男', '', '', '', '', 1, 0, 0, 0, 0, 0, ''),
(10006, 103, 2003, 'radio', '女', '', '', '', '', 2, 0, 0, 0, 0, 0, ''),
(10007, 104, 2004, 'radio', 'している（同居）', '', '', '', '', 1, 0, 0, 0, 0, 0, ''),
(10008, 104, 2004, 'radio', 'している（別居）', '', '', '', '', 2, 0, 0, 0, 0, 0, ''),
(10009, 104, 2004, 'radio', 'していない', '', '', '', '', 3, 0, 0, 0, 0, 0, ''),
(10010, 105, 2005, 'radio', '営業関連職', '', '', '', '', 1, 0, 0, 0, 0, 0, ''),
(10011, 105, 2005, 'radio', '企画・事務関連職', '', '', '', '', 2, 0, 0, 0, 0, 0, ''),
(10012, 105, 2005, 'radio', 'サービス関連職（ファッション、フード、小売）', '', '', '', '', 3, 0, 0, 0, 0, 0, ''),
(10013, 105, 2005, 'radio', 'サービス関連職（教育、医療・福祉、その他）', '', '', '', '', 4, 0, 0, 0, 0, 0, ''),
(10014, 105, 2005, 'radio', '専門職（法律、不動産、コンサルタント）', '', '', '', '', 5, 0, 0, 0, 0, 0, ''),
(10015, 105, 2005, 'radio', 'クリエイティブ・マスコミ関連職', '', '', '', '', 6, 0, 0, 0, 0, 0, ''),
(10016, 105, 2005, 'radio', '技術関連職（ＩＴ、電気、電子、機械、半導体）', '', '', '', '', 7, 0, 0, 0, 0, 0, ''),
(10017, 105, 2005, 'radio', '技術関連職（医薬、化学）', '', '', '', '', 8, 0, 0, 0, 0, 0, ''),
(10018, 105, 2005, 'radio', '建築・土木関連職', '', '', '', '', 9, 0, 0, 0, 0, 0, ''),
(10019, 105, 2005, 'radio', 'その他（公務員、物流、運輸、警備関連など） ', '', '', '', '', 10, 0, 0, 0, 0, 0, ''),
(10020, 105, 2005, 'radio', 'スポーツ選手', '', '', '', '', 11, 0, 0, 0, 0, 0, ''),
(10021, 105, 2005, 'radio', 'その他', '', '', '', '', 12, 0, 0, 0, 0, 0, ''),
(10022, 106, 2005, 'radio', '会社員(営業)', '', '', '', '', 1, 0, 0, 0, 0, 0, ''),
(10023, 107, 2005, 'radio', '会社員(事務)', '', '', '', '', 1, 0, 0, 0, 0, 0, ''),
(10024, 107, 2005, 'radio', '会社員(管理職)', '', '', '', '', 2, 0, 0, 0, 0, 0, ''),
(10025, 107, 2005, 'radio', '個人経営(販売)', '', '', '', '', 3, 0, 0, 0, 0, 0, ''),
(10026, 107, 2005, 'radio', '個人経営(その他)', '', '', '', '', 4, 0, 0, 0, 0, 0, ''),
(10027, 108, 2005, 'radio', '飲食業', '', '', '', '', 1, 0, 0, 0, 0, 0, ''),
(10028, 108, 2005, 'radio', '調理人', '', '', '', '', 2, 0, 0, 0, 0, 0, ''),
(10029, 108, 2005, 'radio', '販売員', '', '', '', '', 3, 0, 0, 0, 0, 0, ''),
(10030, 109, 2005, 'radio', '看護師', '', '', '', '', 1, 0, 0, 0, 0, 0, ''),
(10031, 109, 2005, 'radio', '保健師', '', '', '', '', 2, 0, 0, 0, 0, 0, ''),
(10032, 109, 2005, 'radio', '介護師', '', '', '', '', 3, 0, 0, 0, 0, 0, ''),
(10033, 109, 2005, 'radio', '保母・保父・幼稚園教諭', '', '', '', '', 4, 0, 0, 0, 0, 0, ''),
(10034, 109, 2005, 'radio', '教師', '', '', '', '', 5, 0, 0, 0, 0, 0, ''),
(10035, 110, 2005, 'radio', '弁護士', '', '', '', '', 1, 0, 0, 0, 0, 0, ''),
(10036, 110, 2005, 'radio', '検事・裁判官', '', '', '', '', 2, 0, 0, 0, 0, 0, ''),
(10037, 110, 2005, 'radio', '不動産業', '', '', '', '', 3, 0, 0, 0, 0, 0, ''),
(10038, 110, 2005, 'radio', 'コンサルタント', '', '', '', '', 4, 0, 0, 0, 0, 0, ''),
(10039, 111, 2005, 'radio', '記者', '', '', '', '', 1, 0, 0, 0, 0, 0, ''),
(10040, 111, 2005, 'radio', '文芸家・美術家・音楽家', '', '', '', '', 2, 0, 0, 0, 0, 0, ''),
(10041, 111, 2005, 'radio', '俳優', '', '', '', '', 3, 0, 0, 0, 0, 0, ''),
(10042, 112, 2005, 'radio', '研究職', '', '', '', '', 1, 0, 0, 0, 0, 0, ''),
(10043, 112, 2005, 'radio', '技術職', '', '', '', '', 2, 0, 0, 0, 0, 0, ''),
(10044, 112, 2005, 'radio', '製造業', '', '', '', '', 3, 0, 0, 0, 0, 0, ''),
(10045, 113, 2005, 'radio', '医師', '', '', '', '', 2, 0, 0, 0, 0, 0, ''),
(10046, 113, 2005, 'radio', '歯科医師', '', '', '', '', 3, 0, 0, 0, 0, 0, ''),
(10047, 113, 2005, 'radio', '獣医師', '', '', '', '', 4, 0, 0, 0, 0, 0, ''),
(10048, 113, 2005, 'radio', 'その他医療関係', '', '', '', '', 5, 0, 0, 0, 0, 0, ''),
(10049, 114, 2005, 'radio', '土木工事', '', '', '', '', 1, 0, 0, 0, 0, 0, ''),
(10050, 114, 2005, 'radio', '鉱工業', '', '', '', '', 2, 0, 0, 0, 0, 0, ''),
(10051, 115, 2005, 'radio', '警察官・警備員', '', '', '', '', 1, 0, 0, 0, 0, 0, ''),
(10052, 115, 2005, 'radio', '農業・漁業', '', '', '', '', 2, 0, 0, 0, 0, 0, ''),
(10053, 115, 2005, 'radio', '運転手', '', '', '', '', 3, 0, 0, 0, 0, 0, ''),
(10054, 115, 2005, 'radio', '配達員', '', '', '', '', 4, 0, 0, 0, 0, 0, ''),
(10055, 116, 2005, 'radio', 'スポーツ選手', '', '', '', '', 1, 0, 0, 0, 0, 0, ''),
(10056, 117, 2005, 'radio', '主婦', '', '', '', '', 1, 0, 0, 0, 0, 0, ''),
(10057, 117, 2005, 'radio', 'フリーター・ニート', '', '', '', '', 2, 0, 0, 0, 0, 0, ''),
(10058, 117, 2005, 'radio', 'その他', '', '', '', '', 3, 0, 0, 0, 0, 0, ''),
(10059, 118, 2006, 'slider', '', '', '', '', 'cm', 1, 0, 200, 100, 0.5, 160, ''),
(10060, 119, 2007, 'slider', '', '', '', '', 'kg', 1, 0, 150, 30, 0.5, 60, ''),
(10061, 120, 2008, 'slider', '', '', '', '', 'kg', 1, 0, 150, 30, 0.5, 60, ''),
(10062, 121, 2009, 'slider', '', '', '', '', 'kg', 1, 0, 150, 30, 0.5, 60, ''),
(10063, 122, 2010, 'slider', '', '', '', '', 'kg', 1, 0, 150, 30, 0.5, 60, ''),
(10064, 123, 2011, 'slider', '', '', '', '', 'kg', 1, 0, 150, 30, 0.5, 60, ''),
(10065, 124, 2012, 'slider', '', '', '', '', 'kg', 1, 0, 150, 30, 0.5, 60, ''),
(10066, 125, 2013, 'slider', '', '', '', '', 'cm', 1, 0, 150, 40, 1, 60, ''),
(10067, 126, 2014, 'checkbox', '高血圧', '', '', '', '', 1, 0, 0, 0, 0, 0, ''),
(10068, 126, 2014, 'checkbox', '糖尿病', '', '', '', '', 2, 0, 0, 0, 0, 0, ''),
(10069, 126, 2014, 'checkbox', '高脂血症', '', '', '', '', 3, 0, 0, 0, 0, 0, ''),
(10070, 126, 2014, 'checkbox', '痛風（高尿酸血症）', '', '', '', '', 4, 0, 0, 0, 0, 0, ''),
(10071, 126, 2014, 'checkbox', '脂肪肝', '', '', '', '', 5, 0, 0, 0, 0, 0, ''),
(10072, 126, 2014, 'checkbox', '心筋梗塞', '', '', '', '', 6, 0, 0, 0, 0, 0, ''),
(10073, 126, 2014, 'checkbox', '狭心症', '', '', '', '', 7, 0, 0, 0, 0, 0, ''),
(10074, 126, 2014, 'checkbox', '脳卒中（脳梗塞・脳出血）', '', '', '', '', 8, 0, 0, 0, 0, 0, ''),
(10075, 126, 2014, 'checkbox', '不整脈', '', '', '', '', 9, 0, 0, 0, 0, 0, ''),
(10076, 126, 2014, 'checkbox', '睡眠時無呼吸症候群', '', '', '', '', 10, 0, 0, 0, 0, 0, ''),
(10077, 126, 2014, 'checkbox', '関節リウマチ', '', '', '', '', 11, 0, 0, 0, 0, 0, ''),
(10078, 126, 2014, 'checkbox', '椎間板ヘルニア', '', '', '', '', 12, 0, 0, 0, 0, 0, ''),
(10079, 126, 2014, 'checkbox', '脊柱管狭窄症', '', '', '', '', 13, 0, 0, 0, 0, 0, ''),
(10080, 126, 2014, 'checkbox', '頚椎症', '', '', '', '', 14, 0, 0, 0, 0, 0, ''),
(10081, 126, 2014, 'checkbox', '腰痛症', '', '', '', '', 15, 0, 0, 0, 0, 0, ''),
(10082, 126, 2014, 'checkbox', '人工関節置換術後', '', '', '', '', 16, 0, 0, 0, 0, 0, ''),
(10083, 126, 2014, 'checkbox', '変形性膝関節症', '', '', '', '', 17, 0, 0, 0, 0, 0, ''),
(10084, 126, 2014, 'checkbox', '変形性股関節症', '', '', '', '', 18, 0, 0, 0, 0, 0, ''),
(10085, 126, 2014, 'checkbox', '骨粗しょう症', '', '', '', '', 19, 0, 0, 0, 0, 0, ''),
(10086, 126, 2014, 'checkbox', 'その他（四肢不自由がある）', '', '', '', '', 20, 0, 0, 0, 0, 0, ''),
(10087, 126, 2014, 'checkbox', 'その他', '', '', '', '', 21, 0, 0, 0, 0, 0, ''),
(10088, 127, 2014, 'string', '', '', '', '', '', 1, 0, 0, 0, 0, 0, ''),
(10089, 128, 2015, 'checkbox', '高血圧', '', '', '', '', 1, 0, 0, 0, 0, 0, ''),
(10090, 129, 2015, 'checkbox', '糖尿病', '', '', '', '', 1, 0, 0, 0, 0, 0, ''),
(10091, 130, 2015, 'checkbox', '高脂血症', '', '', '', '', 1, 0, 0, 0, 0, 0, ''),
(10092, 131, 2015, 'checkbox', '痛風（高尿酸血症）', '', '', '', '', 1, 0, 0, 0, 0, 0, ''),
(10093, 132, 2015, 'checkbox', '脂肪肝', '', '', '', '', 1, 0, 0, 0, 0, 0, ''),
(10094, 133, 2015, 'checkbox', '心筋梗塞', '', '', '', '', 1, 0, 0, 0, 0, 0, ''),
(10095, 134, 2015, 'checkbox', '狭心症', '', '', '', '', 1, 0, 0, 0, 0, 0, ''),
(10096, 135, 2015, 'checkbox', '脳卒中（脳梗塞・脳出血）', '', '', '', '', 1, 0, 0, 0, 0, 0, ''),
(10097, 136, 2015, 'checkbox', '不整脈', '', '', '', '', 1, 0, 0, 0, 0, 0, ''),
(10098, 137, 2015, 'checkbox', '睡眠時無呼吸症候群', '', '', '', '', 1, 0, 0, 0, 0, 0, ''),
(10099, 138, 2015, 'checkbox', '関節リウマチ', '', '', '', '', 1, 0, 0, 0, 0, 0, ''),
(10100, 139, 2015, 'checkbox', '椎間板ヘルニア', '', '', '', '', 1, 0, 0, 0, 0, 0, ''),
(10101, 140, 2015, 'checkbox', '脊柱管狭窄症', '', '', '', '', 1, 0, 0, 0, 0, 0, ''),
(10102, 141, 2015, 'checkbox', '頚椎症', '', '', '', '', 1, 0, 0, 0, 0, 0, ''),
(10103, 142, 2015, 'checkbox', '腰痛症', '', '', '', '', 1, 0, 0, 0, 0, 0, ''),
(10104, 143, 2015, 'checkbox', '人工関節置換術後', '', '', '', '', 1, 0, 0, 0, 0, 0, ''),
(10105, 144, 2015, 'checkbox', '変形性膝関節症', '', '', '', '', 1, 0, 0, 0, 0, 0, ''),
(10106, 145, 2015, 'checkbox', '変形性股関節症', '', '', '', '', 1, 0, 0, 0, 0, 0, ''),
(10107, 146, 2015, 'checkbox', '骨粗しょう症', '', '', '', '', 1, 0, 0, 0, 0, 0, ''),
(10108, 147, 2015, 'checkbox', 'その他（四肢不自由がある）', '', '', '', '', 1, 0, 0, 0, 0, 0, ''),
(10109, 148, 2015, 'checkbox', 'その他', '', '', '', '', 1, 0, 0, 0, 0, 0, ''),
(10110, 150, 2016, 'radio', '駅の階段を上がると異常に息切れがする、胸が苦しくなる', '', '', '', '', 1, 0, 0, 0, 0, 0, ''),
(10111, 150, 2016, 'radio', '500mまたは10分以上連続して歩けない', '', '', '', '', 2, 0, 0, 0, 0, 0, ''),
(10112, 150, 2016, 'radio', '体の立ち上がりや動き始めは痛いがジョギングは可能', '', '', '', '', 3, 0, 0, 0, 0, 0, ''),
(10113, 150, 2016, 'radio', '特にない', '', '', '', '', 4, 0, 0, 0, 0, 0, ''),
(10114, 151, 2017, 'radio', 'ない', '', '', '', '', 1, 0, 0, 0, 0, 0, ''),
(10115, 151, 2017, 'radio', 'ある', '', '', '', '', 2, 0, 0, 0, 0, 0, ''),
(10116, 152, 2018, 'checkbox', '高血圧', '', '', '', '', 1, 0, 0, 0, 0, 0, ''),
(10117, 152, 2018, 'checkbox', '糖尿病', '', '', '', '', 2, 0, 0, 0, 0, 0, ''),
(10118, 152, 2018, 'checkbox', '高脂血症', '', '', '', '', 3, 0, 0, 0, 0, 0, ''),
(10119, 152, 2018, 'checkbox', '痛風（高尿酸血症）', '', '', '', '', 4, 0, 0, 0, 0, 0, ''),
(10120, 152, 2018, 'checkbox', '脂肪肝', '', '', '', '', 5, 0, 0, 0, 0, 0, ''),
(10121, 152, 2018, 'checkbox', '心筋梗塞', '', '', '', '', 6, 0, 0, 0, 0, 0, ''),
(10122, 152, 2018, 'checkbox', '狭心症', '', '', '', '', 7, 0, 0, 0, 0, 0, ''),
(10123, 152, 2018, 'checkbox', '脳卒中（脳梗塞・脳出血）', '', '', '', '', 8, 0, 0, 0, 0, 0, ''),
(10124, 152, 2018, 'checkbox', 'その他', '', '', '', '', 10, 0, 0, 0, 0, 0, ''),
(10125, 153, 2019, 'radio', 'はい', '', '', '', '', 1, 0, 0, 0, 0, 0, ''),
(10126, 153, 2019, 'radio', 'いいえ', '', '', '', '', 2, 0, 0, 0, 0, 0, ''),
(10127, 153, 2019, 'radio', 'ほぼまったく吸ったことがない', '', '', '', '', 3, 0, 0, 0, 0, 0, ''),
(10128, 153, 2019, 'radio', '以前吸っていたことがある', '', '', '', '', 4, 0, 0, 0, 0, 0, ''),
(10129, 154, 2020, 'slider', '一日', '', '', '', '本', 1, 0, 60, 1, 1, 5, ''),
(10130, 154, 2020, 'slider', 'を', '', '', '', '年間', 2, 0, 60, 1, 1, 3, ''),
(10131, 155, 2021, 'slider', '一日', '', '', '', '本', 1, 0, 60, 1, 1, 5, ''),
(10132, 155, 2021, 'slider', 'を', '', '', '', '年間', 2, 0, 60, 1, 1, 10, ''),
(10133, 155, 2021, 'slider', '禁煙してから', '', '', '', '年間', 3, 0, 60, 1, 1, 10, ''),
(10134, 156, 2022, 'radio', 'いる', '', '', '', '', 1, 0, 0, 0, 0, 0, ''),
(10135, 156, 2022, 'radio', 'いない', '', '', '', '', 2, 0, 0, 0, 0, 0, ''),
(10136, 157, 2023, 'tab', '朝食', '', '', '', '', 1, 0, 0, 0, 0, 0, ''),
(10137, 157, 2023, 'tab', '昼食', '', '', '', '', 2, 0, 0, 0, 0, 0, ''),
(10138, 157, 2023, 'tab', '夕食', '', '', '', '', 3, 0, 0, 0, 0, 0, ''),
(10139, 157, 2023, 'tab', '間食', '', '', '', '', 4, 0, 0, 0, 0, 0, ''),
(10140, 158, 2024, 'radio', '多い', '', '', '', '', 1, 0, 0, 0, 0, 0, ''),
(10141, 158, 2024, 'radio', '普段どおり', '', '', '', '', 2, 0, 0, 0, 0, 0, ''),
(10142, 158, 2024, 'radio', '少ない', '', '', '', '', 3, 0, 0, 0, 0, 0, ''),
(10143, 159, 2027, 'slider_hour', '', '', '', '', '', 1, 0, 24, 0, 0.5, 18, ''),
(10144, 160, 2028, 'radio', '毎日', '', '', '', '', 1, 0, 0, 0, 0, 0, ''),
(10145, 160, 2028, 'radio', '週に1～2回休肝日を設けている', '', '', '', '', 2, 0, 0, 0, 0, 0, ''),
(10146, 160, 2028, 'radio', '週の半分くらい', '', '', '', '', 3, 0, 0, 0, 0, 0, ''),
(10147, 160, 2028, 'radio', '週に1～2回', '', '', '', '', 4, 0, 0, 0, 0, 0, ''),
(10148, 160, 2028, 'radio', '月に数回', '', '', '', '', 5, 0, 0, 0, 0, 0, ''),
(10149, 160, 2028, 'radio', '飲まない', '', '', '', '', 6, 0, 0, 0, 0, 0, ''),
(10150, 161, 2029, 'slider', 'ビール', '', '', '', 'ml', 1, 0, 5000, 0, 100, 0, ''),
(10151, 161, 2029, 'slider', '日本酒', '', '', '', '合', 2, 0, 10, 0, 1, 0, ''),
(10152, 161, 2029, 'slider', '焼酎', '', '', '', 'ml', 3, 0, 1800, 0, 15, 0, ''),
(10153, 161, 2029, 'slider', 'ワイン', '', '', '', 'ml', 4, 0, 3600, 0, 50, 0, ''),
(10154, 161, 2029, 'slider', 'ウィスキー', '', '', '', 'ml', 5, 0, 1800, 0, 15, 0, ''),
(10155, 161, 2029, 'slider', 'ブランデー', '', '', '', 'ml', 6, 0, 1800, 0, 15, 0, ''),
(10156, 162, 2030, 'radio', '自分', '', '', '', '', 1, 0, 0, 0, 0, 0, ''),
(10157, 162, 2030, 'radio', '自分以外', '', '', '', '', 2, 0, 0, 0, 0, 0, ''),
(10158, 163, 2031, 'radio', 'はい', '', '', '', '', 1, 0, 0, 0, 0, 0, ''),
(10159, 163, 2031, 'radio', 'いいえ', '', '', '', '', 2, 0, 0, 0, 0, 0, ''),
(10160, 164, 2032, 'radio', 'はい', '', '', '', '', 1, 0, 0, 0, 0, 0, ''),
(10161, 164, 2032, 'radio', 'いいえ', '', '', '', '', 2, 0, 0, 0, 0, 0, ''),
(10162, 165, 2033, 'slider_hour', '平日', '', '', '', '', 1, 0, 24, 0, 0.5, 9, ''),
(10163, 165, 2033, 'slider_hour', '休日', '', '', '', '', 2, 0, 24, 0, 0.5, 9, ''),
(10164, 166, 2034, 'slider_minute', '歩き', '', '', '', '', 1, 0, 180, 0, 10, 30, ''),
(10165, 166, 2034, 'slider_minute', 'バスまたは電車', '', '', '', '', 2, 0, 180, 0, 10, 30, ''),
(10166, 166, 2034, 'slider_minute', '車', '', '', '', '', 3, 0, 180, 0, 10, 30, ''),
(10167, 167, 2035, 'slider_minute', '【平日】立っている', '', '', '', '', 1, 0, 1200, 0, 30, 30, ''),
(10168, 167, 2035, 'slider_minute', '【平日】座って（作業して）いる', '', '', '', '', 2, 0, 1200, 0, 30, 30, ''),
(10169, 167, 2035, 'slider_minute', '【平日】歩いている', '', '', '', '', 3, 0, 1200, 0, 30, 30, ''),
(10170, 167, 2035, 'slider_minute', '【平日】軽く息切れするくらいに走っている', '', '', '', '', 4, 0, 1200, 0, 30, 30, ''),
(10171, 239, 2035, 'slider_minute', '【休日】立っている', '', '', '', '', 5, 0, 1200, 0, 30, 30, ''),
(10172, 239, 2035, 'slider_minute', '【休日】座って（作業して）いる', '', '', '', '', 6, 0, 1200, 0, 30, 30, ''),
(10173, 239, 2035, 'slider_minute', '【休日】歩いている', '', '', '', '', 7, 0, 1200, 0, 30, 30, ''),
(10174, 239, 2035, 'slider_minute', '【休日】軽く息切れするくらいに走っている', '', '', '', '', 8, 0, 1200, 0, 30, 30, ''),
(10175, 168, 2036, 'radio', 'はい', '', '', '', '', 1, 0, 0, 0, 0, 0, ''),
(10176, 168, 2036, 'radio', 'いいえ', '', '', '', '', 2, 0, 0, 0, 0, 0, ''),
(10177, 169, 2037, 'radio', 'いいえ/ほとんどしていない/不定期にしかしていない', '', '', '', '', 1, 0, 0, 0, 0, 0, ''),
(10178, 169, 2037, 'radio', 'はい、週に1～2回の運動をしています/週に2回以上していますが、軽い運動です', '', '', '', '', 2, 0, 0, 0, 0, 0, ''),
(10179, 169, 2037, 'radio', 'はい、週に2回以上、1回30分以上の激しい有酸素運動(ジョギング・エアロビクス・競技スポーツ等）をしています', '', '', '', '', 3, 0, 0, 0, 0, 0, ''),
(10180, 170, 2038, 'numeric', '', '', '', '', '', 1, 0, 0, 0, 0, 0, ''),
(10181, 171, 2038, 'radio', 'ヵ月前から', '', '', '', '', 1, 0, 0, 0, 0, 0, ''),
(10182, 171, 2038, 'radio', '年前から', '', '', '', '', 2, 0, 0, 0, 0, 0, ''),
(10183, 172, 2039, 'radio', 'いいえ/軽い運動を不定期にしていた', '', '', '', '', 1, 0, 0, 0, 0, 0, ''),
(10184, 172, 2039, 'radio', 'はい、趣味の範囲内で定期的に運動していた', '', '', '', '', 2, 0, 0, 0, 0, 0, ''),
(10185, 172, 2039, 'radio', 'はい、体育会系の部活・クラブに所属していた', '', '', '', '', 3, 0, 0, 0, 0, 0, ''),
(10186, 173, 2040, 'radio', '多い', '', '', '', '', 1, 0, 0, 0, 0, 0, ''),
(10187, 173, 2040, 'radio', 'かわらない', '', '', '', '', 2, 0, 0, 0, 0, 0, ''),
(10188, 173, 2040, 'radio', '少ない', '', '', '', '', 3, 0, 0, 0, 0, 0, ''),
(10189, 174, 2041, 'slider_hour', '', '', '', '', '', 1, 0, 24, 0, 0.5, 18, ''),
(10190, 175, 2042, 'radio', 'はい', '', '', '', '', 1, 0, 0, 0, 0, 0, ''),
(10191, 175, 2042, 'radio', 'いいえ', '', '', '', '', 2, 0, 0, 0, 0, 0, ''),
(10192, 176, 2043, 'radio', 'はい', '', '', '', '', 1, 0, 0, 0, 0, 0, ''),
(10193, 176, 2043, 'radio', 'いいえ', '', '', '', '', 2, 0, 0, 0, 0, 0, ''),
(10194, 177, 2044, 'slider', '回数', '', '', '', '回', 1, 0, 7, 0, 1, 1, ''),
(10195, 242, 2044, 'slider_hour', '一回の時間', '', '', '', 'くらい', 2, 2, 18, 0, 0.5, 2, ''),
(10196, 205, 2045, 'slider', '収縮期血圧(最高血圧)', '', '', '', 'mmHg', 1, 0, 300, 0, 1, 120, ''),
(10197, 206, 2045, 'slider', '拡張期血圧(最低血圧)', '', '', '', 'mmHg', 2, 0, 300, 0, 1, 80, ''),
(10198, 179, 2053, 'slider', '', '', '', '', 'g', 1, 0, 4500, 1000, 10, 3000, ''),
(10199, 180, 2054, 'radio', 'やせ型', '', '', '', '', 1, 0, 0, 0, 0, 0, ''),
(10200, 180, 2054, 'radio', '普通', '', '', '', '', 2, 0, 0, 0, 0, 0, ''),
(10201, 180, 2054, 'radio', '肥満', '', '', '', '', 3, 0, 0, 0, 0, 0, ''),
(10202, 180, 2054, 'radio', '分からない', '', '', '', '', 4, 0, 0, 0, 0, 0, ''),
(10203, 181, 2055, 'radio', 'やせ型', '', '', '', '', 1, 0, 0, 0, 0, 0, ''),
(10204, 181, 2055, 'radio', '普通', '', '', '', '', 2, 0, 0, 0, 0, 0, ''),
(10205, 181, 2055, 'radio', '肥満', '', '', '', '', 3, 0, 0, 0, 0, 0, ''),
(10206, 181, 2055, 'radio', '分からない', '', '', '', '', 4, 0, 0, 0, 0, 0, ''),
(10207, 182, 2056, 'radio', 'はい', '', '', '', '', 1, 0, 0, 0, 0, 0, ''),
(10208, 182, 2056, 'radio', 'いいえ', '', '', '', '', 2, 0, 0, 0, 0, 0, ''),
(10209, 183, 2099, 'checkbox', 'ランニング', '', '', '', '', 1, 0, 0, 0, 0, 0, ''),
(10210, 183, 2099, 'checkbox', '柔道', '', '', '', '', 2, 0, 0, 0, 0, 0, ''),
(10211, 183, 2099, 'checkbox', 'キックボクシング', '', '', '', '', 3, 0, 0, 0, 0, 0, ''),
(10212, 183, 2099, 'checkbox', 'ラグビー', '', '', '', '', 4, 0, 0, 0, 0, 0, ''),
(10213, 183, 2099, 'checkbox', '水泳（バタフライ）', '', '', '', '', 5, 0, 0, 0, 0, 0, ''),
(10214, 183, 2099, 'checkbox', '軽いジョギング', '', '', '', '', 6, 0, 0, 0, 0, 0, ''),
(10215, 183, 2099, 'checkbox', 'テニス', '', '', '', '', 7, 0, 0, 0, 0, 0, ''),
(10216, 183, 2099, 'checkbox', '水泳', '', '', '', '', 8, 0, 0, 0, 0, 0, ''),
(10217, 183, 2099, 'checkbox', 'ランニング(きつい)', '', '', '', '', 9, 0, 0, 0, 0, 0, ''),
(10218, 183, 2099, 'checkbox', 'サッカー', '', '', '', '', 10, 0, 0, 0, 0, 0, ''),
(10219, 183, 2099, 'checkbox', 'スケート', '', '', '', '', 11, 0, 0, 0, 0, 0, ''),
(10220, 183, 2099, 'checkbox', 'スキー', '', '', '', '', 12, 0, 0, 0, 0, 0, ''),
(10221, 183, 2099, 'checkbox', 'サイクリング', '', '', '', '', 13, 0, 0, 0, 0, 0, ''),
(10222, 183, 2099, 'checkbox', '早歩き', '', '', '', '', 14, 0, 0, 0, 0, 0, ''),
(10223, 183, 2099, 'checkbox', '自転車こぎ', '', '', '', '', 15, 0, 0, 0, 0, 0, ''),
(10224, 183, 2099, 'checkbox', 'アクアビクス', '', '', '', '', 16, 0, 0, 0, 0, 0, ''),
(10225, 183, 2099, 'checkbox', '太極拳', '', '', '', '', 17, 0, 0, 0, 0, 0, ''),
(10226, 183, 2099, 'checkbox', '卓球', '', '', '', '', 18, 0, 0, 0, 0, 0, ''),
(10227, 183, 2099, 'checkbox', 'バドミントン', '', '', '', '', 19, 0, 0, 0, 0, 0, ''),
(10228, 183, 2099, 'checkbox', 'バレエ', '', '', '', '', 20, 0, 0, 0, 0, 0, ''),
(10229, 183, 2099, 'checkbox', '野球', '', '', '', '', 21, 0, 0, 0, 0, 0, ''),
(10230, 183, 2099, 'checkbox', 'バスケットボール', '', '', '', '', 22, 0, 0, 0, 0, 0, ''),
(10231, 183, 2099, 'checkbox', 'エアロビクス', '', '', '', '', 23, 0, 0, 0, 0, 0, ''),
(10232, 183, 2099, 'checkbox', 'ウェイトトレーニング', '', '', '', '', 24, 0, 0, 0, 0, 0, ''),
(10233, 183, 2099, 'checkbox', 'フリスビー', '', '', '', '', 25, 0, 0, 0, 0, 0, ''),
(10234, 183, 2099, 'checkbox', 'ボーリング', '', '', '', '', 26, 0, 0, 0, 0, 0, ''),
(10235, 183, 2099, 'checkbox', 'バレーボール', '', '', '', '', 27, 0, 0, 0, 0, 0, ''),
(10236, 183, 2099, 'checkbox', '体操', '', '', '', '', 28, 0, 0, 0, 0, 0, ''),
(10237, 183, 2099, 'checkbox', 'ゴルフ', '', '', '', '', 29, 0, 0, 0, 0, 0, ''),
(10238, 184, 2101, 'radio', 'はい', '', '', '', '', 1, 0, 0, 0, 0, 0, ''),
(10239, 184, 2101, 'radio', 'いいえ', '', '', '', '', 2, 0, 0, 0, 0, 0, ''),
(10240, 185, 2102, 'radio', 'はい', '', '', '', '', 1, 0, 0, 0, 0, 0, ''),
(10241, 185, 2102, 'radio', 'いいえ', '', '', '', '', 2, 0, 0, 0, 0, 0, ''),
(10242, 186, 2103, 'radio', 'はい', '', '', '', '', 1, 0, 0, 0, 0, 0, ''),
(10243, 186, 2103, 'radio', 'いいえ', '', '', '', '', 2, 0, 0, 0, 0, 0, ''),
(10244, 187, 2104, 'radio', 'はい', '', '', '', '', 1, 0, 0, 0, 0, 0, ''),
(10245, 187, 2104, 'radio', 'いいえ', '', '', '', '', 2, 0, 0, 0, 0, 0, ''),
(10246, 188, 2105, 'radio', 'はい', '', '', '', '', 1, 0, 0, 0, 0, 0, ''),
(10247, 188, 2105, 'radio', 'いいえ', '', '', '', '', 2, 0, 0, 0, 0, 0, ''),
(10248, 189, 2106, 'radio', '朝', '', '', '', '', 1, 0, 0, 0, 0, 0, ''),
(10249, 189, 2106, 'radio', '昼', '', '', '', '', 2, 0, 0, 0, 0, 0, ''),
(10250, 189, 2106, 'radio', '夕方', '', '', '', '', 3, 0, 0, 0, 0, 0, ''),
(10251, 190, 2107, 'radio', 'はい', '', '', '', '', 1, 0, 0, 0, 0, 0, ''),
(10252, 190, 2107, 'radio', 'いいえ', '', '', '', '', 2, 0, 0, 0, 0, 0, ''),
(10253, 191, 2108, 'radio', '忙しくて寝る暇がない', '', '', '', '', 1, 0, 0, 0, 0, 0, ''),
(10254, 191, 2108, 'radio', '時間は十分寝ているが熟眠感がない、その他', '', '', '', '', 2, 0, 0, 0, 0, 0, ''),
(10255, 191, 2108, 'radio', '寝つきが悪い、朝早く目が覚めてしまう、寝ている間に目が覚めてその後1時間以上寝付けない', '', '', '', '', 3, 0, 0, 0, 0, 0, ''),
(10256, 192, 2109, 'radio', 'はい', '', '', '', '', 1, 0, 0, 0, 0, 0, ''),
(10257, 192, 2109, 'radio', 'いいえ', '', '', '', '', 2, 0, 0, 0, 0, 0, ''),
(10258, 193, 2110, 'radio', '普段と変わらない', '', '', '', '', 1, 0, 0, 0, 0, 0, ''),
(10259, 193, 2110, 'radio', '多い', '', '', '', '', 2, 0, 0, 0, 0, 0, ''),
(10260, 193, 2110, 'radio', '少ない', '', '', '', '', 3, 0, 0, 0, 0, 0, ''),
(10261, 194, 2111, 'radio', 'はい', '', '', '', '', 1, 0, 0, 0, 0, 0, ''),
(10262, 194, 2111, 'radio', 'いいえ', '', '', '', '', 2, 0, 0, 0, 0, 0, ''),
(10263, 195, 2112, 'radio', 'はい', '', '', '', '', 1, 0, 0, 0, 0, 0, ''),
(10264, 195, 2112, 'radio', 'いいえ', '', '', '', '', 2, 0, 0, 0, 0, 0, ''),
(10265, 196, 2113, 'string', '', '', '', '', '', 1, 0, 0, 0, 0, 0, ''),
(10266, 197, 2114, 'radio', 'はい', '', '', '', '', 1, 0, 0, 0, 0, 0, ''),
(10267, 197, 2114, 'radio', 'いいえ', '', '', '', '', 2, 0, 0, 0, 0, 0, ''),
(10268, 198, 2115, 'string', '', '', '', '', '', 1, 0, 0, 0, 0, 0, ''),
(10269, 199, 2116, 'radio', 'はい', '', '', '', '', 1, 0, 0, 0, 0, 0, ''),
(10270, 199, 2116, 'radio', 'いいえ', '', '', '', '', 2, 0, 0, 0, 0, 0, ''),
(10271, 200, 2117, 'string', '', '', '', '', '', 1, 0, 0, 0, 0, 0, ''),
(10272, 201, 2118, 'radio', 'はい', '', '', '', '', 1, 0, 0, 0, 0, 0, ''),
(10273, 201, 2118, 'radio', 'いいえ', '', '', '', '', 2, 0, 0, 0, 0, 0, ''),
(10274, 202, 2119, 'radio', 'はい', '', '', '', '', 1, 0, 0, 0, 0, 0, ''),
(10275, 202, 2119, 'radio', 'いいえ', '', '', '', '', 2, 0, 0, 0, 0, 0, ''),
(10276, 203, 2120, 'radio', 'はい', '', '', '', '', 1, 0, 0, 0, 0, 0, ''),
(10277, 203, 2120, 'radio', 'いいえ', '', '', '', '', 2, 0, 0, 0, 0, 0, ''),
(10278, 204, 2036, 'slider_hour', '時間', '', '', '', 'くらい', 1, 2, 18, 0, 0.5, 1, ''),
(10279, 241, 2036, 'slider', '重さ', '', '', '', 'kgくらいのもの', 2, 0, 100, 0, 1, 1, ''),
(10280, 207, 2045, 'slider', '空腹時血糖', '', '', '', 'mg/dl', 1, 0, 500, 0, 1, 90, ''),
(10281, 208, 2045, 'slider', '随時血糖', '', '', '', 'mg/dl', 2, 0, 500, 0, 1, 120, ''),
(10282, 209, 2045, 'slider', '中性脂肪', '', '', '', 'mg/dl', 1, 0, 500, 0, 1, 120, ''),
(10283, 210, 2045, 'slider', '総コレステロール', '', '', '', 'mg/dl', 1, 0, 500, 0, 1, 160, ''),
(10284, 211, 2045, 'slider', 'LDLコレステロール', '', '', '', 'mg/dl', 2, 0, 500, 0, 1, 110, ''),
(10285, 212, 2045, 'slider', 'HDLコレステロール', '', '', '', 'mg/dl', 3, 0, 500, 0, 1, 50, ''),
(10286, 243, 2045, 'slider', '尿酸', '', '', '', 'mg/dl', 1, 0, 20, 0, 1, 6, ''),
(10287, 244, 2045, 'slider', 'AST', '', '', '', 'IU/l', 1, 0, 500, 0, 1, 20, ''),
(10288, 245, 2045, 'slider', 'ALT', '', '', '', 'IU/l', 1, 0, 500, 0, 1, 30, ''),
(10289, 246, 2045, 'slider', 'GGTP', '', '', '', 'IU/l', 1, 0, 500, 0, 1, 30, ''),
(10290, 247, 2045, 'slider', 'HbA1c', '', '', '', '%', 1, 0, 20, 0, 0.1, 5, ''),
(10291, 213, 2023, 'accordion', '朝食の　主食', '', '', '', '', 1, 0, 0, 0, 0, 0, ''),
(10292, 213, 2023, 'accordion', '朝食の　主菜', '', '', '', '', 2, 0, 0, 0, 0, 0, ''),
(10293, 213, 2023, 'accordion', '朝食の　副菜・汁物', '', '', '', '', 3, 0, 0, 0, 0, 0, ''),
(10294, 213, 2023, 'accordion', '朝食の　果物・乳類・飲料', '', '', '', '', 4, 0, 0, 0, 0, 0, ''),
(10295, 213, 2023, 'accordion', '朝食の　おやつ', '', '', '', '', 5, 0, 0, 0, 0, 0, ''),
(10296, 214, 2023, 'accordion', '昼食の　主食', '', '', '', '', 1, 0, 0, 0, 0, 0, ''),
(10297, 214, 2023, 'accordion', '昼食の　主菜', '', '', '', '', 2, 0, 0, 0, 0, 0, ''),
(10298, 214, 2023, 'accordion', '昼食の　副菜・汁物', '', '', '', '', 3, 0, 0, 0, 0, 0, ''),
(10299, 214, 2023, 'accordion', '昼食の　果物・乳類・飲料', '', '', '', '', 4, 0, 0, 0, 0, 0, ''),
(10300, 214, 2023, 'accordion', '昼食の　おやつ', '', '', '', '', 5, 0, 0, 0, 0, 0, ''),
(10301, 215, 2023, 'accordion', '夕食の　主食', '', '', '', '', 1, 0, 0, 0, 0, 0, ''),
(10302, 215, 2023, 'accordion', '夕食の　主菜', '', '', '', '', 2, 0, 0, 0, 0, 0, ''),
(10303, 215, 2023, 'accordion', '夕食の　副菜・汁物', '', '', '', '', 3, 0, 0, 0, 0, 0, ''),
(10304, 215, 2023, 'accordion', '夕食の　果物・乳類・飲料', '', '', '', '', 4, 0, 0, 0, 0, 0, ''),
(10305, 215, 2023, 'accordion', '夕食の　おやつ', '', '', '', '', 5, 0, 0, 0, 0, 0, ''),
(10306, 216, 2023, 'accordion', '間食の　主食', '', '', '', '', 1, 0, 0, 0, 0, 0, ''),
(10307, 216, 2023, 'accordion', '間食の　主菜', '', '', '', '', 2, 0, 0, 0, 0, 0, ''),
(10308, 216, 2023, 'accordion', '間食の　副菜・汁物', '', '', '', '', 3, 0, 0, 0, 0, 0, ''),
(10309, 216, 2023, 'accordion', '間食の　果物・乳類・飲料', '', '', '', '', 4, 0, 0, 0, 0, 0, ''),
(10310, 216, 2023, 'accordion', '間食の　おやつ', '', '', '', '', 5, 0, 0, 0, 0, 0, ''),
(10311, 217, 2023, 'slider_show_by_step', '【朝食の主食】めし', '', '', '', '個', 1, 0, 1500, 0, 5, 0, ''),
(10312, 217, 2023, 'slider_show_by_step', '【朝食の主食】和風めん', '', '', '', '個', 2, 0, 1500, 0, 5, 0, ''),
(10313, 217, 2023, 'slider_show_by_step', '【朝食の主食】洋風めん/中華めん', '', '', '', '個', 3, 0, 1500, 0, 5, 0, ''),
(10314, 217, 2023, 'slider_show_by_step', '【朝食の主食】パン（甘い菓子パンは菓子類へ）', '', '', '', '個', 4, 0, 1500, 0, 5, 0, ''),
(10315, 217, 2023, 'slider_show_by_step', '【朝食の主食】いも類（主食）', '', '', '', '個', 5, 0, 1500, 0, 5, 0, ''),
(10316, 218, 2023, 'slider_show_by_step', '【朝食の主菜】肉類', '', '', '', '個', 1, 0, 1500, 0, 5, 0, ''),
(10317, 218, 2023, 'slider_show_by_step', '【朝食の主菜】魚介類', '', '', '', '個', 2, 0, 1500, 0, 5, 0, ''),
(10318, 218, 2023, 'slider_show_by_step', '【朝食の主菜】卵', '', '', '', '個', 3, 0, 1500, 0, 5, 0, ''),
(10319, 218, 2023, 'slider_show_by_step', '【朝食の主菜】大豆（とうふ・納豆・厚揚げ）', '', '', '', '個', 4, 0, 1500, 0, 5, 0, ''),
(10320, 219, 2023, 'slider_show_by_step', '【朝食の副菜･汁物】緑黄色野菜', '', '', '', '個', 1, 0, 1500, 0, 5, 0, ''),
(10321, 219, 2023, 'slider_show_by_step', '【朝食の副菜･汁物】淡色野菜', '', '', '', '個', 2, 0, 1500, 0, 5, 0, ''),
(10322, 219, 2023, 'slider_show_by_step', '【朝食の副菜･汁物】海藻類', '', '', '', '個', 3, 0, 1500, 0, 5, 0, ''),
(10323, 219, 2023, 'slider_show_by_step', '【朝食の副菜･汁物】きのこ類', '', '', '', '個', 4, 0, 1500, 0, 5, 0, ''),
(10324, 219, 2023, 'slider_show_by_step', '【朝食の副菜･汁物】いも類（副菜）', '', '', '', '個', 5, 0, 1500, 0, 5, 0, ''),
(10325, 220, 2023, 'slider_show_by_step', '【朝食の果物･乳類･飲料】果実類', '', '', '', '個', 1, 0, 3000, 0, 5, 0, ''),
(10326, 220, 2023, 'slider_show_by_step', '【朝食の果物･乳類･飲料】乳類', '', '', '', '個', 2, 0, 3000, 0, 5, 0, ''),
(10327, 220, 2023, 'slider_show_by_step', '【朝食の果物･乳類･飲料】茶類', '', '', '', '個', 3, 0, 3000, 0, 5, 0, ''),
(10328, 220, 2023, 'slider_show_by_step', '【朝食の果物･乳類･飲料】ジュース類', '', '', '', '個', 4, 0, 3000, 0, 5, 0, ''),
(10330, 221, 2023, 'slider_show_by_step', '【朝食のおやつ】菓子（水分少、脂質多）', '', '', '', '個', 1, 0, 1500, 0, 5, 0, ''),
(10331, 221, 2023, 'slider_show_by_step', '【朝食のおやつ】菓子（水分少、脂質少）', '', '', '', '個', 2, 0, 1500, 0, 5, 0, ''),
(10332, 221, 2023, 'slider_show_by_step', '【朝食のおやつ】菓子（水分多、脂質多）', '', '', '', '個', 3, 0, 1500, 0, 5, 0, ''),
(10333, 221, 2023, 'slider_show_by_step', '【朝食のおやつ】菓子（水分多、脂質少）', '', '', '', '個', 4, 0, 1500, 0, 5, 0, ''),
(10334, 222, 2023, 'slider_show_by_step', '【昼食の主食】めし', '', '', '', '個', 1, 0, 1500, 0, 5, 0, ''),
(10335, 222, 2023, 'slider_show_by_step', '【昼食の主食】和風めん', '', '', '', '個', 2, 0, 1500, 0, 5, 0, ''),
(10336, 222, 2023, 'slider_show_by_step', '【昼食の主食】洋風めん/中華めん', '', '', '', '個', 3, 0, 1500, 0, 5, 0, ''),
(10337, 222, 2023, 'slider_show_by_step', '【昼食の主食】パン（甘い菓子パンは菓子類へ）', '', '', '', '個', 4, 0, 1500, 0, 5, 0, ''),
(10338, 222, 2023, 'slider_show_by_step', '【昼食の主食】いも類（主食）', '', '', '', '個', 5, 0, 1500, 0, 5, 0, ''),
(10339, 223, 2023, 'slider_show_by_step', '【昼食の主菜】肉類', '', '', '', '個', 1, 0, 1500, 0, 5, 0, ''),
(10340, 223, 2023, 'slider_show_by_step', '【昼食の主菜】魚介類', '', '', '', '個', 2, 0, 1500, 0, 5, 0, ''),
(10341, 223, 2023, 'slider_show_by_step', '【昼食の主菜】卵', '', '', '', '個', 3, 0, 1500, 0, 5, 0, ''),
(10342, 223, 2023, 'slider_show_by_step', '【昼食の主菜】大豆（とうふ・納豆・厚揚げ）', '', '', '', '個', 4, 0, 1500, 0, 5, 0, ''),
(10343, 224, 2023, 'slider_show_by_step', '【昼食の副菜･汁物】緑黄色野菜', '', '', '', '個', 1, 0, 1500, 0, 5, 0, ''),
(10344, 224, 2023, 'slider_show_by_step', '【昼食の副菜･汁物】淡色野菜', '', '', '', '個', 2, 0, 1500, 0, 5, 0, ''),
(10345, 224, 2023, 'slider_show_by_step', '【昼食の副菜･汁物】海藻類', '', '', '', '個', 3, 0, 1500, 0, 5, 0, ''),
(10346, 224, 2023, 'slider_show_by_step', '【昼食の副菜･汁物】きのこ類', '', '', '', '個', 4, 0, 1500, 0, 5, 0, ''),
(10347, 224, 2023, 'slider_show_by_step', '【昼食の副菜･汁物】いも類（副菜）', '', '', '', '個', 5, 0, 1500, 0, 5, 0, ''),
(10348, 225, 2023, 'slider_show_by_step', '【昼食の果物･乳類･飲料】果実類', '', '', '', '個', 1, 0, 3000, 0, 5, 0, ''),
(10349, 225, 2023, 'slider_show_by_step', '【昼食の果物･乳類･飲料】乳類', '', '', '', '個', 2, 0, 3000, 0, 5, 0, ''),
(10350, 225, 2023, 'slider_show_by_step', '【昼食の果物･乳類･飲料】茶類', '', '', '', '個', 3, 0, 3000, 0, 5, 0, ''),
(10351, 225, 2023, 'slider_show_by_step', '【昼食の果物･乳類･飲料】ジュース類', '', '', '', '個', 4, 0, 3000, 0, 5, 0, ''),
(10353, 226, 2023, 'slider_show_by_step', '【昼食のおやつ】菓子（水分少、脂質多）', '', '', '', '個', 1, 0, 1500, 0, 5, 0, ''),
(10354, 226, 2023, 'slider_show_by_step', '【昼食のおやつ】菓子（水分少、脂質少）', '', '', '', '個', 2, 0, 1500, 0, 5, 0, ''),
(10355, 226, 2023, 'slider_show_by_step', '【昼食のおやつ】菓子（水分多、脂質多）', '', '', '', '個', 3, 0, 1500, 0, 5, 0, ''),
(10356, 226, 2023, 'slider_show_by_step', '【昼食のおやつ】菓子（水分多、脂質少）', '', '', '', '個', 4, 0, 1500, 0, 5, 0, ''),
(10357, 227, 2023, 'slider_show_by_step', '【夕食の主食】めし', '', '', '', '個', 1, 0, 1500, 0, 5, 0, ''),
(10358, 227, 2023, 'slider_show_by_step', '【夕食の主食】和風めん', '', '', '', '個', 2, 0, 1500, 0, 5, 0, ''),
(10359, 227, 2023, 'slider_show_by_step', '【夕食の主食】洋風めん/中華めん', '', '', '', '個', 3, 0, 1500, 0, 5, 0, ''),
(10360, 227, 2023, 'slider_show_by_step', '【夕食の主食】パン（甘い菓子パンは菓子類へ）', '', '', '', '個', 4, 0, 1500, 0, 5, 0, ''),
(10361, 227, 2023, 'slider_show_by_step', '【夕食の主食】いも類（主食）', '', '', '', '個', 5, 0, 1500, 0, 5, 0, ''),
(10362, 228, 2023, 'slider_show_by_step', '【夕食の主菜】肉類', '', '', '', '個', 1, 0, 1500, 0, 5, 0, ''),
(10363, 228, 2023, 'slider_show_by_step', '【夕食の主菜】魚介類', '', '', '', '個', 2, 0, 1500, 0, 5, 0, ''),
(10364, 228, 2023, 'slider_show_by_step', '【夕食の主菜】卵', '', '', '', '個', 3, 0, 1500, 0, 5, 0, ''),
(10365, 228, 2023, 'slider_show_by_step', '【夕食の主菜】大豆（とうふ・納豆・厚揚げ）', '', '', '', '個', 4, 0, 1500, 0, 5, 0, ''),
(10366, 229, 2023, 'slider_show_by_step', '【夕食の副菜･汁物】緑黄色野菜', '', '', '', '個', 1, 0, 1500, 0, 5, 0, ''),
(10367, 229, 2023, 'slider_show_by_step', '【夕食の副菜･汁物】淡色野菜', '', '', '', '個', 2, 0, 1500, 0, 5, 0, ''),
(10368, 229, 2023, 'slider_show_by_step', '【夕食の副菜･汁物】海藻類', '', '', '', '個', 3, 0, 1500, 0, 5, 0, ''),
(10369, 229, 2023, 'slider_show_by_step', '【夕食の副菜･汁物】きのこ類', '', '', '', '個', 4, 0, 1500, 0, 5, 0, ''),
(10370, 229, 2023, 'slider_show_by_step', '【夕食の副菜･汁物】いも類（副菜）', '', '', '', '個', 5, 0, 1500, 0, 5, 0, ''),
(10371, 230, 2023, 'slider_show_by_step', '【夕食の果物･乳類･飲料】果実類', '', '', '', '個', 1, 0, 3000, 0, 5, 0, ''),
(10372, 230, 2023, 'slider_show_by_step', '【夕食の果物･乳類･飲料】乳類', '', '', '', '個', 2, 0, 3000, 0, 5, 0, ''),
(10373, 230, 2023, 'slider_show_by_step', '【夕食の果物･乳類･飲料】茶類', '', '', '', '個', 3, 0, 3000, 0, 5, 0, ''),
(10374, 230, 2023, 'slider_show_by_step', '【夕食の果物･乳類･飲料】ジュース類', '', '', '', '個', 4, 0, 3000, 0, 5, 0, ''),
(10376, 231, 2023, 'slider_show_by_step', '【夕食のおやつ】菓子（水分少、脂質多）', '', '', '', '個', 1, 0, 1500, 0, 5, 0, ''),
(10377, 231, 2023, 'slider_show_by_step', '【夕食のおやつ】菓子（水分少、脂質少）', '', '', '', '個', 2, 0, 1500, 0, 5, 0, ''),
(10378, 231, 2023, 'slider_show_by_step', '【夕食のおやつ】菓子（水分多、脂質多）', '', '', '', '個', 3, 0, 1500, 0, 5, 0, ''),
(10379, 231, 2023, 'slider_show_by_step', '【夕食のおやつ】菓子（水分多、脂質少）', '', '', '', '個', 4, 0, 1500, 0, 5, 0, ''),
(10380, 232, 2023, 'slider_show_by_step', '【間食の主食】めし', '', '', '', '個', 1, 0, 1500, 0, 5, 0, ''),
(10381, 232, 2023, 'slider_show_by_step', '【間食の主食】和風めん', '', '', '', '個', 2, 0, 1500, 0, 5, 0, ''),
(10382, 232, 2023, 'slider_show_by_step', '【間食の主食】洋風めん/中華めん', '', '', '', '個', 3, 0, 1500, 0, 5, 0, ''),
(10383, 232, 2023, 'slider_show_by_step', '【間食の主食】パン（甘い菓子パンは菓子類へ）', '', '', '', '個', 4, 0, 1500, 0, 5, 0, ''),
(10384, 232, 2023, 'slider_show_by_step', '【間食の主食】いも類（主食）', '', '', '', '個', 5, 0, 1500, 0, 5, 0, ''),
(10385, 233, 2023, 'slider_show_by_step', '【間食の主菜】肉類', '', '', '', '個', 1, 0, 1500, 0, 5, 0, ''),
(10386, 233, 2023, 'slider_show_by_step', '【間食の主菜】魚介類', '', '', '', '個', 2, 0, 1500, 0, 5, 0, ''),
(10387, 233, 2023, 'slider_show_by_step', '【間食の主菜】卵', '', '', '', '個', 3, 0, 1500, 0, 5, 0, ''),
(10388, 233, 2023, 'slider_show_by_step', '【間食の主菜】大豆（とうふ・納豆・厚揚げ）', '', '', '', '個', 4, 0, 1500, 0, 5, 0, ''),
(10389, 234, 2023, 'slider_show_by_step', '【間食の副菜･汁物】緑黄色野菜', '', '', '', '個', 1, 0, 1500, 0, 5, 0, ''),
(10390, 234, 2023, 'slider_show_by_step', '【間食の副菜･汁物】淡色野菜', '', '', '', '個', 2, 0, 1500, 0, 5, 0, ''),
(10391, 234, 2023, 'slider_show_by_step', '【間食の副菜･汁物】海藻類', '', '', '', '個', 3, 0, 1500, 0, 5, 0, ''),
(10392, 234, 2023, 'slider_show_by_step', '【間食の副菜･汁物】きのこ類', '', '', '', '個', 4, 0, 1500, 0, 5, 0, ''),
(10393, 234, 2023, 'slider_show_by_step', '【間食の副菜･汁物】いも類（副菜）', '', '', '', '個', 5, 0, 1500, 0, 5, 0, ''),
(10394, 235, 2023, 'slider_show_by_step', '【間食の果物･乳類･飲料】果実類', '', '', '', '個', 1, 0, 3000, 0, 5, 0, ''),
(10395, 235, 2023, 'slider_show_by_step', '【間食の果物･乳類･飲料】乳類', '', '', '', '個', 2, 0, 3000, 0, 5, 0, ''),
(10396, 235, 2023, 'slider_show_by_step', '【間食の果物･乳類･飲料】茶類', '', '', '', '個', 3, 0, 3000, 0, 5, 0, ''),
(10397, 235, 2023, 'slider_show_by_step', '【間食の果物･乳類･飲料】ジュース類', '', '', '', '個', 4, 0, 3000, 0, 5, 0, ''),
(10399, 236, 2023, 'slider_show_by_step', '【間食のおやつ】菓子（水分少、脂質多）', '', '', '', '個', 1, 0, 1500, 0, 5, 0, ''),
(10400, 236, 2023, 'slider_show_by_step', '【間食のおやつ】菓子（水分少、脂質少）', '', '', '', '個', 2, 0, 1500, 0, 5, 0, ''),
(10401, 236, 2023, 'slider_show_by_step', '【間食のおやつ】菓子（水分多、脂質多）', '', '', '', '個', 3, 0, 1500, 0, 5, 0, ''),
(10402, 236, 2023, 'slider_show_by_step', '【間食のおやつ】菓子（水分多、脂質少）', '', '', '', '個', 4, 0, 1500, 0, 5, 0, ''),
(10403, 237, 2018, 'string', '', '', '', '', '', 1, 0, 0, 0, 0, 0, ''),
(10404, 240, 2035, 'tab', '平日', '', '', '', '', 1, 0, 0, 0, 0, 0, ''),
(10405, 240, 2035, 'tab', '休日', '', '', '', '', 2, 0, 0, 0, 0, 0, ''),
(10406, 248, 2017, 'string', '', '', '', '', '', 1, 0, 0, 0, 0, 0, ''),
(10407, 113, 2005, 'radio', '研究職', '', '', '', '', 1, 0, 0, 0, 0, 0, ''),
(10408, 249, 2121, 'radio', '薄い', '', '', '', '', 1, 0, 0, 0, 0, 0, ''),
(10409, 249, 2121, 'radio', '同じくらい', '', '', '', '', 2, 0, 0, 0, 0, 0, ''),
(10410, 249, 2121, 'radio', '濃い', '', '', '', '', 3, 0, 0, 0, 0, 0, ''),
(10411, 250, 2122, 'radio', '早い', '', '', '', '', 1, 0, 0, 0, 0, 0, ''),
(10412, 250, 2122, 'radio', '同じ', '', '', '', '', 2, 0, 0, 0, 0, 0, ''),
(10413, 250, 2122, 'radio', '遅い', '', '', '', '', 3, 0, 0, 0, 0, 0, ''),
(10414, 251, 2123, 'radio', 'はい', '', '', '', '', 1, 0, 0, 0, 0, 0, ''),
(10415, 251, 2123, 'radio', 'どちらともいえない', '', '', '', '', 2, 0, 0, 0, 0, 0, ''),
(10416, 251, 2123, 'radio', 'いいえ', '', '', '', '', 3, 0, 0, 0, 0, 0, ''),
(10417, 252, 2124, 'radio', '嫌い（食べない）', '', '', '', '', 1, 0, 0, 0, 0, 0, ''),
(10418, 252, 2124, 'radio', '黄身', '', '', '', '', 2, 0, 0, 0, 0, 0, ''),
(10419, 252, 2124, 'radio', '白身', '', '', '', '', 3, 0, 0, 0, 0, 0, ''),
(10420, 252, 2124, 'radio', 'どちらも好き', '', '', '', '', 4, 0, 0, 0, 0, 0, ''),
(10421, 152, 2018, 'checkbox', '悪性腫瘍', '', '', '', '', 9, 0, 0, 0, 0, 0, ''),
(10422, 253, 2053, 'checkbox', 'わからない', '', '', '', '', 1, 0, 0, 0, 0, 0, ''),
(10423, 166, 2034, 'slider_minute', '自転車', '', '', '', '', 4, 0, 180, 0, 10, 30, ''),
(10424, 219, 2023, 'slider_show_by_step', '【朝食の副菜･汁物】汁', '', '', '', '個', 6, 0, 1500, 0, 5, 0, ''),
(10425, 224, 2023, 'slider_show_by_step', '【昼食の副菜･汁物】汁', '', '', '', '個', 6, 0, 1500, 0, 5, 0, ''),
(10426, 229, 2023, 'slider_show_by_step', '【夕食の副菜･汁物】汁', '', '', '', '個', 6, 0, 1500, 0, 5, 0, ''),
(10427, 234, 2023, 'slider_show_by_step', '【間食の副菜･汁物】汁', '', '', '', '個', 6, 0, 1500, 0, 5, 0, ''),
(10428, 220, 2023, 'slider_show_by_step', '【朝食の果物･乳類･飲料】水', '', '', '', '個', 9, 0, 3000, 0, 5, 0, ''),
(10429, 225, 2023, 'slider_show_by_step', '【昼食の果物･乳類･飲料】水', '', '', '', '個', 9, 0, 3000, 0, 5, 0, ''),
(10430, 230, 2023, 'slider_show_by_step', '【夕食の果物･乳類･飲料】水', '', '', '', '個', 9, 0, 3000, 0, 5, 0, ''),
(10431, 235, 2023, 'slider_show_by_step', '【間食の果物･乳類･飲料】水', '', '', '', '個', 9, 0, 3000, 0, 5, 0, ''),
(10432, 220, 2023, 'slider_show_by_step', '【朝食の果物･乳類･飲料】酒（ビール）', '', '', '', '個', 5, 0, 3000, 0, 5, 0, ''),
(10433, 220, 2023, 'slider_show_by_step', '【朝食の果物･乳類･飲料】酒（日本酒）', '', '', '', '個', 6, 0, 3000, 0, 5, 0, ''),
(10434, 220, 2023, 'slider_show_by_step', '【朝食の果物･乳類･飲料】酒（ワイン）', '', '', '', '個', 7, 0, 3000, 0, 5, 0, ''),
(10435, 220, 2023, 'slider_show_by_step', '【朝食の果物･乳類･飲料】酒（焼酎、ウィスキー、ブランデー）', '', '', '', '個', 8, 0, 3000, 0, 5, 0, ''),
(10436, 225, 2023, 'slider_show_by_step', '【昼食の果物･乳類･飲料】酒（ビール）', '', '', '', '個', 5, 0, 3000, 0, 5, 0, ''),
(10437, 225, 2023, 'slider_show_by_step', '【昼食の果物･乳類･飲料】酒（日本酒）', '', '', '', '個', 6, 0, 3000, 0, 5, 0, ''),
(10438, 225, 2023, 'slider_show_by_step', '【昼食の果物･乳類･飲料】酒（ワイン）', '', '', '', '個', 7, 0, 3000, 0, 5, 0, ''),
(10439, 225, 2023, 'slider_show_by_step', '【昼食の果物･乳類･飲料】酒（焼酎、ウィスキー、ブランデー）', '', '', '', '個', 8, 0, 3000, 0, 5, 0, ''),
(10440, 230, 2023, 'slider_show_by_step', '【夕食の果物･乳類･飲料】酒（ビール）', '', '', '', '個', 5, 0, 3000, 0, 5, 0, ''),
(10441, 230, 2023, 'slider_show_by_step', '【夕食の果物･乳類･飲料】酒（日本酒）', '', '', '', '個', 6, 0, 3000, 0, 5, 0, ''),
(10442, 230, 2023, 'slider_show_by_step', '【夕食の果物･乳類･飲料】酒（ワイン）', '', '', '', '個', 7, 0, 3000, 0, 5, 0, ''),
(10443, 230, 2023, 'slider_show_by_step', '【夕食の果物･乳類･飲料】酒（焼酎、ウィスキー、ブランデー）', '', '', '', '個', 8, 0, 3000, 0, 5, 0, ''),
(10444, 235, 2023, 'slider_show_by_step', '【間食の果物･乳類･飲料】酒（ビール）', '', '', '', '個', 5, 0, 3000, 0, 5, 0, ''),
(10445, 235, 2023, 'slider_show_by_step', '【間食の果物･乳類･飲料】酒（日本酒）', '', '', '', '個', 6, 0, 3000, 0, 5, 0, ''),
(10446, 235, 2023, 'slider_show_by_step', '【間食の果物･乳類･飲料】酒（ワイン）', '', '', '', '個', 7, 0, 3000, 0, 5, 0, ''),
(10447, 235, 2023, 'slider_show_by_step', '【間食の果物･乳類･飲料】酒（焼酎、ウィスキー、ブランデー）', '', '', '', '個', 8, 0, 3000, 0, 5, 0, ''),
(10448, 254, 2034, 'string', '１日の合計', '', '', '', '', 5, 3, 0, 0, 0, 120, ''),
(10449, 255, 2125, 'radio', ' 少ない', '', '', '', '', 1, 0, 0, 0, 0, 0, ''),
(10450, 255, 2125, 'radio', '普通', '', '', '', '', 2, 0, 0, 0, 0, 0, ''),
(10451, 255, 2125, 'radio', '多い', '', '', '', '', 3, 0, 0, 0, 0, 0, ''),
(10452, 256, 2126, 'radio', ' はい', '', '', '', '', 1, 0, 0, 0, 0, 0, ''),
(10453, 256, 2126, 'radio', 'いいえ', '', '', '', '', 2, 0, 0, 0, 0, 0, ''),
(10454, 257, 2127, 'radio', '主婦', '', '', '', '', 2, 0, 0, 0, 0, 0, ''),
(10455, 257, 2127, 'radio', 'デスクワーク系', '', '', '', '', 3, 0, 0, 0, 0, 0, ''),
(10456, 257, 2127, 'radio', '肉体作業系', '', '', '', '', 4, 0, 0, 0, 0, 0, ''),
(10457, 257, 2127, 'radio', 'スポーツ系', '', '', '', '', 5, 0, 0, 0, 0, 0, ''),
(10458, 257, 2127, 'radio', 'フリーター', '', '', '', '', 6, 0, 0, 0, 0, 0, ''),
(10459, 257, 2127, 'radio', '無職', '', '', '', '', 7, 0, 0, 0, 0, 0, ''),
(10460, 257, 2127, 'radio', 'その他', '', '', '', '', 8, 0, 0, 0, 0, 0, ''),
(10461, 258, 2128, 'radio', 'はい、週に2回以上、1回30分以上の激しい有酸素運動(ジョギング・エアロビクス・競技スポーツ等）をしています', '', '', '', '', 1, 0, 0, 0, 0, 0, ''),
(10462, 258, 2128, 'radio', 'はい、週に1～2回の運動をしています/週に2回以上していますが、軽い運動です', '', '', '', '', 2, 0, 0, 0, 0, 0, ''),
(10463, 258, 2128, 'radio', 'いいえ/ほとんどしていない/不定期にしかしていない', '', '', '', '', 3, 0, 0, 0, 0, 0, ''),
(10486, 261, 2130, 'radio', ' 少ない', '', '', '', '', 3, 0, 0, 0, 0, 0, ''),
(10487, 261, 2130, 'radio', '普通', '', '', '', '', 2, 0, 0, 0, 0, 0, ''),
(10488, 261, 2130, 'radio', '多い', '', '', '', '', 1, 0, 0, 0, 0, 0, ''),
(50001, 5001, 5001, 'radio', 'はい', '', '', '', '', 1, 0, 0, 0, 0, 0, ''),
(50002, 5001, 5001, 'radio', 'いいえ', '', '', '', '', 2, 0, 0, 0, 0, 0, ''),
(50003, 5002, 5002, 'radio', 'はい', '', '', '', '', 1, 0, 0, 0, 0, 0, ''),
(50004, 5002, 5002, 'radio', 'いいえ', '', '', '', '', 2, 0, 0, 0, 0, 0, ''),
(50005, 5003, 5003, 'radio', '時間がとれない', '', '', '', '', 1, 0, 0, 0, 0, 0, ''),
(50006, 5003, 5003, 'radio', '回数が少なくなってしまう', '', '', '', '', 2, 0, 0, 0, 0, 0, ''),
(50007, 5003, 5003, 'radio', '運動内容がつらい', '', '', '', '', 3, 0, 0, 0, 0, 0, ''),
(50008, 5004, 5004, 'radio', 'はい', '', '', '', '', 1, 0, 0, 0, 0, 0, ''),
(50009, 5004, 5004, 'radio', 'いいえ', '', '', '', '', 2, 0, 0, 0, 0, 0, ''),
(50010, 5005, 5005, 'radio', 'はい', '', '', '', '', 1, 0, 0, 0, 0, 0, ''),
(50011, 5005, 5005, 'radio', 'いいえ', '', '', '', '', 2, 0, 0, 0, 0, 0, ''),
(50012, 5006, 5006, 'radio', 'ジャグジーに入る', '', '', '', '', 1, 0, 0, 0, 0, 1, 'E'),
(50013, 5006, 5006, 'radio', 'ダーツ', '', '', '', '', 1, 0, 0, 0, 0, 2.5, 'D'),
(50014, 5006, 5006, 'radio', 'ストレッチ、ハタヨガ', '', '', '', '', 2, 0, 0, 0, 0, 2.5, 'D'),
(50015, 5006, 5006, 'radio', 'フリスビー', '', '', '', '', 3, 0, 0, 0, 0, 3, 'D'),
(50016, 5006, 5006, 'radio', 'ゴルフ(打ちっ放し)', '', '', '', '', 4, 0, 0, 0, 0, 3, 'D'),
(50017, 5006, 5006, 'radio', 'サーフィン', '', '', '', '', 5, 0, 0, 0, 0, 3, 'D'),
(50018, 5006, 5006, 'radio', 'ボーリング', '', '', '', '', 6, 0, 0, 0, 0, 3, 'D'),
(50019, 5006, 5006, 'radio', 'ダンス(軽い動き)', '', '', '', '', 7, 0, 0, 0, 0, 3, 'D'),
(50020, 5006, 5006, 'radio', 'ウェイトリフティング(軽度)', '', '', '', '', 8, 0, 0, 0, 0, 3, 'D'),
(50021, 5006, 5006, 'radio', 'エアロバイク(非常に軽度)', '', '', '', '', 9, 0, 0, 0, 0, 3, 'D'),
(50022, 5006, 5006, 'radio', 'アーチェリー', '', '', '', '', 10, 0, 0, 0, 0, 3.5, 'D'),
(50023, 5006, 5006, 'radio', 'トランポリン', '', '', '', '', 11, 0, 0, 0, 0, 3.5, 'D'),
(50024, 5006, 5006, 'radio', '柔軟体操(自宅)', '', '', '', '', 12, 0, 0, 0, 0, 3.5, 'D'),
(50025, 5006, 5006, 'radio', 'ウォーキング(軽度)', '', '', '', '', 13, 0, 0, 0, 0, 3.8, 'D'),
(50026, 5006, 5006, 'radio', '自転車に乗る(軽度)', '', '', '', '', 1, 0, 0, 0, 0, 4, 'C'),
(50027, 5006, 5006, 'radio', '乗馬', '', '', '', '', 2, 0, 0, 0, 0, 4, 'C'),
(50028, 5006, 5006, 'radio', 'アクアビクス', '', '', '', '', 3, 0, 0, 0, 0, 4, 'C'),
(50029, 5006, 5006, 'radio', '水中ウォーキング(軽度)', '', '', '', '', 4, 0, 0, 0, 0, 4, 'C'),
(50030, 5006, 5006, 'radio', '太極拳', '', '', '', '', 5, 0, 0, 0, 0, 4, 'C'),
(50031, 5006, 5006, 'radio', 'カーリング', '', '', '', '', 6, 0, 0, 0, 0, 4, 'C'),
(50032, 5006, 5006, 'radio', '卓球、バレーボール', '', '', '', '', 7, 0, 0, 0, 0, 4, 'C'),
(50033, 5006, 5006, 'radio', 'ゴルフ、バドミントン', '', '', '', '', 8, 0, 0, 0, 0, 4.5, 'C'),
(50034, 5006, 5006, 'radio', 'ダンス(激しい動き)', '', '', '', '', 9, 0, 0, 0, 0, 4.8, 'C'),
(50035, 5006, 5006, 'radio', '子供の遊び(遊具を使用)', '', '', '', '', 10, 0, 0, 0, 0, 5, 'C'),
(50036, 5006, 5006, 'radio', 'ソフトボール、野球', '', '', '', '', 11, 0, 0, 0, 0, 5, 'C'),
(50037, 5006, 5006, 'radio', 'エアロビックダンス(軽度)', '', '', '', '', 12, 0, 0, 0, 0, 5, 'C');
INSERT INTO `m_choice` (`choice_id`, `layer_id`, `section_id`, `choice_type`, `choice_string`, `choice_string_US`, `choice_string_CN`, `choice_string_KR`, `choice_string_unit`, `order_in_layer`, `ui_type`, `value_max`, `value_min`, `value_step`, `value_default`, `lead`) VALUES
(50038, 5006, 5006, 'radio', 'クリケット、ソフトボール', '', '', '', '', 13, 0, 0, 0, 0, 5, 'C'),
(50039, 5006, 5006, 'radio', 'エアロバイク(軽度)', '', '', '', '', 14, 0, 0, 0, 0, 5.5, 'C'),
(50040, 5006, 5006, 'radio', 'アイススケート', '', '', '', '', 15, 0, 0, 0, 0, 5.5, 'C'),
(50041, 5006, 5006, 'radio', '室内運動(一般)', '', '', '', '', 16, 0, 0, 0, 0, 5.5, 'C'),
(50042, 5006, 5006, 'radio', 'スイミング(海や湖)', '', '', '', '', 17, 0, 0, 0, 0, 6, 'C'),
(50043, 5006, 5006, 'radio', '自転車に乗る(ややきつい)', '', '', '', '', 18, 0, 0, 0, 0, 6, 'C'),
(50044, 5006, 5006, 'radio', 'ジョギング、歩行(10分以下)', '', '', '', '', 19, 0, 0, 0, 0, 6, 'C'),
(50045, 5006, 5006, 'radio', 'ウェイトリフティング(きつい)', '', '', '', '', 20, 0, 0, 0, 0, 6, 'C'),
(50046, 5006, 5006, 'radio', 'ジャザサイズ', '', '', '', '', 21, 0, 0, 0, 0, 6, 'C'),
(50047, 5006, 5006, 'radio', 'エアロビックダンス', '', '', '', '', 22, 0, 0, 0, 0, 6.5, 'C'),
(50048, 5006, 5006, 'radio', 'テニス、サッカー、スキー', '', '', '', '', 1, 0, 0, 0, 0, 7, 'B'),
(50049, 5006, 5006, 'radio', 'アイススケート', '', '', '', '', 2, 0, 0, 0, 0, 7, 'B'),
(50050, 5006, 5006, 'radio', '山登り(軽い荷物を背負って)', '', '', '', '', 3, 0, 0, 0, 0, 7, 'B'),
(50051, 5006, 5006, 'radio', 'スイミング(背泳)', '', '', '', '', 4, 0, 0, 0, 0, 7, 'B'),
(50052, 5006, 5006, 'radio', 'エアロバイク(ややきつい)', '', '', '', '', 5, 0, 0, 0, 0, 7, 'B'),
(50053, 5006, 5006, 'radio', 'ジョギング(一般)、競歩', '', '', '', '', 6, 0, 0, 0, 0, 7, 'B'),
(50054, 5006, 5006, 'radio', 'バックパックを背負って歩く', '', '', '', '', 7, 0, 0, 0, 0, 7, 'B'),
(50055, 5006, 5006, 'radio', 'ランニング(8.0km/h程度)', '', '', '', '', 8, 0, 0, 0, 0, 8, 'B'),
(50056, 5006, 5006, 'radio', 'スイミング(軽いクロール)', '', '', '', '', 9, 0, 0, 0, 0, 8, 'B'),
(50057, 5006, 5006, 'radio', '水中ジョギング', '', '', '', '', 10, 0, 0, 0, 0, 8, 'B'),
(50058, 5006, 5006, 'radio', '腕立て伏せ、懸垂、腹筋運動', '', '', '', '', 11, 0, 0, 0, 0, 8, 'B'),
(50059, 5006, 5006, 'radio', '岩登り、山登り', '', '', '', '', 12, 0, 0, 0, 0, 8, 'B'),
(50060, 5006, 5006, 'radio', '自転車に乗る(きつい)', '', '', '', '', 13, 0, 0, 0, 0, 8, 'B'),
(50061, 5006, 5006, 'radio', 'マウンテンバイク', '', '', '', '', 14, 0, 0, 0, 0, 8.5, 'B'),
(50062, 5006, 5006, 'radio', 'ランニング(8.4km/h程度)', '', '', '', '', 15, 0, 0, 0, 0, 9, 'B'),
(50063, 5006, 5006, 'radio', '柔道、空手、キックボクシング', '', '', '', '', 1, 0, 0, 0, 0, 10, 'A'),
(50064, 5006, 5006, 'radio', 'ランニング(9.7km/h程度)', '', '', '', '', 2, 0, 0, 0, 0, 10, 'A'),
(50065, 5006, 5006, 'radio', 'スイミング(平泳ぎ)', '', '', '', '', 3, 0, 0, 0, 0, 10, 'A'),
(50066, 5006, 5006, 'radio', 'スイミング(バタフライ)', '', '', '', '', 4, 0, 0, 0, 0, 11, 'A'),
(50067, 5006, 5006, 'radio', 'スイミング(速いクロール)', '', '', '', '', 5, 0, 0, 0, 0, 11, 'A'),
(50068, 5006, 5006, 'radio', 'ランニング(10.8km/h程度)', '', '', '', '', 6, 0, 0, 0, 0, 11, 'A'),
(50069, 5006, 5006, 'radio', 'ランニング(14.5km/h程度)', '', '', '', '', 7, 0, 0, 0, 0, 15, 'A'),
(50070, 5007, 5006, 'slider', '回数', '', '', '', '回', 1, 0, 7, 0, 1, 1, ''),
(50071, 5008, 5006, 'slider_minute', '一回の時間', '', '', '', 'くらい', 1, 2, 1080, 0, 10, 120, ''),
(50072, 5009, 5007, 'radio', '時間が取れない', '', '', '', '', 1, 0, 0, 0, 0, 0, ''),
(50073, 5009, 5007, 'radio', '回数が少なくなってしまう', '', '', '', '', 2, 0, 0, 0, 0, 0, ''),
(50074, 5009, 5007, 'radio', '運動内容がきつい', '', '', '', '', 3, 0, 0, 0, 0, 0, ''),
(50075, 5009, 5007, 'radio', '体調が悪い', '', '', '', '', 4, 0, 0, 0, 0, 0, ''),
(50076, 5009, 5007, 'radio', '特にない', '', '', '', '', 5, 0, 0, 0, 0, 0, ''),
(50077, 5010, 5008, 'radio', '腰痛・関節痛・下肢の痺れが出現した', '', '', '', '', 1, 0, 0, 0, 0, 0, ''),
(50078, 5010, 5008, 'radio', '胸痛・動悸・強い息切れがある', '', '', '', '', 2, 0, 0, 0, 0, 0, ''),
(50079, 5010, 5008, 'radio', '特にない/胃腸炎・風邪などをひいていた\n/筋肉痛・捻挫などの小さな怪我があった', '', '', '', '', 3, 0, 0, 0, 0, 0, ''),
(50080, 5011, 5009, 'radio', 'かなりきついと感じる', '', '', '', '', 1, 0, 0, 0, 0, 0, ''),
(50081, 5011, 5009, 'radio', '脈はあがっているが、そこまできつくはない', '', '', '', '', 2, 0, 0, 0, 0, 0, ''),
(50082, 5011, 5009, 'radio', '特に変化はない', '', '', '', '', 3, 0, 0, 0, 0, 0, ''),
(50083, 5012, 5010, 'radio', 'はい', '', '', '', '', 1, 0, 0, 0, 0, 0, ''),
(50084, 5012, 5010, 'radio', 'いいえ', '', '', '', '', 2, 0, 0, 0, 0, 0, ''),
(50085, 5013, 5011, 'slider', '', '', '', '', 'kg', 1, 0, 150, 30, 0.5, 60, ''),
(50086, 5014, 5012, 'radio', 'ジャグジーに入る', '', '', '', '', 1, 0, 0, 0, 0, 1, 'E'),
(50087, 5014, 5012, 'radio', 'ダーツ', '', '', '', '', 1, 0, 0, 0, 0, 2.5, 'D'),
(50088, 5014, 5012, 'radio', 'ストレッチ、ハタヨガ', '', '', '', '', 2, 0, 0, 0, 0, 2.5, 'D'),
(50089, 5014, 5012, 'radio', 'フリスビー', '', '', '', '', 3, 0, 0, 0, 0, 3, 'D'),
(50090, 5014, 5012, 'radio', 'ゴルフ(打ちっ放し)', '', '', '', '', 4, 0, 0, 0, 0, 3, 'D'),
(50091, 5014, 5012, 'radio', 'サーフィン', '', '', '', '', 5, 0, 0, 0, 0, 3, 'D'),
(50092, 5014, 5012, 'radio', 'ボーリング', '', '', '', '', 6, 0, 0, 0, 0, 3, 'D'),
(50093, 5014, 5012, 'radio', 'ダンス(軽い動き)', '', '', '', '', 7, 0, 0, 0, 0, 3, 'D'),
(50094, 5014, 5012, 'radio', 'ウェイトリフティング(軽度)', '', '', '', '', 8, 0, 0, 0, 0, 3, 'D'),
(50095, 5014, 5012, 'radio', 'エアロバイク(非常に軽度)', '', '', '', '', 9, 0, 0, 0, 0, 3, 'D'),
(50096, 5014, 5012, 'radio', 'アーチェリー', '', '', '', '', 10, 0, 0, 0, 0, 3.5, 'D'),
(50097, 5014, 5012, 'radio', 'トランポリン', '', '', '', '', 11, 0, 0, 0, 0, 3.5, 'D'),
(50098, 5014, 5012, 'radio', '柔軟体操(自宅)', '', '', '', '', 12, 0, 0, 0, 0, 3.5, 'D'),
(50099, 5014, 5012, 'radio', 'ウォーキング(軽度)', '', '', '', '', 13, 0, 0, 0, 0, 3.8, 'D'),
(50100, 5014, 5012, 'radio', '自転車に乗る(軽度)', '', '', '', '', 1, 0, 0, 0, 0, 4, 'C'),
(50101, 5014, 5012, 'radio', '乗馬', '', '', '', '', 2, 0, 0, 0, 0, 4, 'C'),
(50102, 5014, 5012, 'radio', 'アクアビクス', '', '', '', '', 3, 0, 0, 0, 0, 4, 'C'),
(50103, 5014, 5012, 'radio', '水中ウォーキング(軽度)', '', '', '', '', 4, 0, 0, 0, 0, 4, 'C'),
(50104, 5014, 5012, 'radio', '太極拳', '', '', '', '', 5, 0, 0, 0, 0, 4, 'C'),
(50105, 5014, 5012, 'radio', 'カーリング', '', '', '', '', 6, 0, 0, 0, 0, 4, 'C'),
(50106, 5014, 5012, 'radio', '卓球、バレーボール', '', '', '', '', 7, 0, 0, 0, 0, 4, 'C'),
(50107, 5014, 5012, 'radio', 'ゴルフ、バドミントン', '', '', '', '', 8, 0, 0, 0, 0, 4.5, 'C'),
(50108, 5014, 5012, 'radio', 'ダンス(激しい動き)', '', '', '', '', 9, 0, 0, 0, 0, 4.8, 'C'),
(50109, 5014, 5012, 'radio', '子供の遊び(遊具を使用)', '', '', '', '', 10, 0, 0, 0, 0, 5, 'C'),
(50110, 5014, 5012, 'radio', 'ソフトボール、野球', '', '', '', '', 11, 0, 0, 0, 0, 5, 'C'),
(50111, 5014, 5012, 'radio', 'エアロビックダンス(軽度)', '', '', '', '', 12, 0, 0, 0, 0, 5, 'C'),
(50112, 5014, 5012, 'radio', 'クリケット、ソフトボール', '', '', '', '', 13, 0, 0, 0, 0, 5, 'C'),
(50113, 5014, 5012, 'radio', 'エアロバイク(軽度)', '', '', '', '', 14, 0, 0, 0, 0, 5.5, 'C'),
(50114, 5014, 5012, 'radio', 'アイススケート', '', '', '', '', 15, 0, 0, 0, 0, 5.5, 'C'),
(50115, 5014, 5012, 'radio', '室内運動(一般)', '', '', '', '', 16, 0, 0, 0, 0, 5.5, 'C'),
(50116, 5014, 5012, 'radio', 'スイミング(海や湖)', '', '', '', '', 17, 0, 0, 0, 0, 6, 'C'),
(50117, 5014, 5012, 'radio', '自転車に乗る(ややきつい)', '', '', '', '', 18, 0, 0, 0, 0, 6, 'C'),
(50118, 5014, 5012, 'radio', 'ジョギング、歩行(10分以下)', '', '', '', '', 19, 0, 0, 0, 0, 6, 'C'),
(50119, 5014, 5012, 'radio', 'ウェイトリフティング(きつい)', '', '', '', '', 20, 0, 0, 0, 0, 6, 'C'),
(50120, 5014, 5012, 'radio', 'ジャザサイズ', '', '', '', '', 21, 0, 0, 0, 0, 6, 'C'),
(50121, 5014, 5012, 'radio', 'エアロビックダンス', '', '', '', '', 22, 0, 0, 0, 0, 6.5, 'C'),
(50122, 5014, 5012, 'radio', 'テニス、サッカー、スキー', '', '', '', '', 1, 0, 0, 0, 0, 7, 'B'),
(50123, 5014, 5012, 'radio', 'アイススケート', '', '', '', '', 2, 0, 0, 0, 0, 7, 'B'),
(50124, 5014, 5012, 'radio', '山登り(軽い荷物を背負って)', '', '', '', '', 3, 0, 0, 0, 0, 7, 'B'),
(50125, 5014, 5012, 'radio', 'スイミング(背泳)', '', '', '', '', 4, 0, 0, 0, 0, 7, 'B'),
(50126, 5014, 5012, 'radio', 'エアロバイク(ややきつい)', '', '', '', '', 5, 0, 0, 0, 0, 7, 'B'),
(50127, 5014, 5012, 'radio', 'ジョギング(一般)、競歩', '', '', '', '', 6, 0, 0, 0, 0, 7, 'B'),
(50128, 5014, 5012, 'radio', 'バックパックを背負って歩く', '', '', '', '', 7, 0, 0, 0, 0, 7, 'B'),
(50129, 5014, 5012, 'radio', 'ランニング(8.0km/h程度)', '', '', '', '', 8, 0, 0, 0, 0, 8, 'B'),
(50130, 5014, 5012, 'radio', 'スイミング(軽いクロール)', '', '', '', '', 9, 0, 0, 0, 0, 8, 'B'),
(50131, 5014, 5012, 'radio', '水中ジョギング', '', '', '', '', 10, 0, 0, 0, 0, 8, 'B'),
(50132, 5014, 5012, 'radio', '腕立て伏せ、懸垂、腹筋運動', '', '', '', '', 11, 0, 0, 0, 0, 8, 'B'),
(50133, 5014, 5012, 'radio', '岩登り、山登り', '', '', '', '', 12, 0, 0, 0, 0, 8, 'B'),
(50134, 5014, 5012, 'radio', '自転車に乗る(きつい)', '', '', '', '', 13, 0, 0, 0, 0, 8, 'B'),
(50135, 5014, 5012, 'radio', 'マウンテンバイク', '', '', '', '', 14, 0, 0, 0, 0, 8.5, 'B'),
(50136, 5014, 5012, 'radio', 'ランニング(8.4km/h程度)', '', '', '', '', 15, 0, 0, 0, 0, 9, 'B'),
(50137, 5014, 5012, 'radio', '柔道、空手、キックボクシング', '', '', '', '', 1, 0, 0, 0, 0, 10, 'A'),
(50138, 5014, 5012, 'radio', 'ランニング(9.7km/h程度)', '', '', '', '', 2, 0, 0, 0, 0, 10, 'A'),
(50139, 5014, 5012, 'radio', 'スイミング(平泳ぎ)', '', '', '', '', 3, 0, 0, 0, 0, 10, 'A'),
(50140, 5014, 5012, 'radio', 'スイミング(バタフライ)', '', '', '', '', 4, 0, 0, 0, 0, 11, 'A'),
(50141, 5014, 5012, 'radio', 'スイミング(速いクロール)', '', '', '', '', 5, 0, 0, 0, 0, 11, 'A'),
(50142, 5014, 5012, 'radio', 'ランニング(10.8km/h程度)', '', '', '', '', 6, 0, 0, 0, 0, 11, 'A'),
(50143, 5014, 5012, 'radio', 'ランニング(14.5km/h程度)', '', '', '', '', 7, 0, 0, 0, 0, 15, 'A'),
(50144, 5015, 5012, 'slider', '回数', '', '', '', '回', 1, 0, 7, 0, 1, 1, ''),
(50145, 5016, 5012, 'slider_minute', '一回の時間', '', '', '', 'くらい', 1, 2, 1080, 0, 10, 120, ''),
(50146, 5017, 5013, 'slider', '', '', '', '', 'kg', 1, 0, 150, 30, 0.5, 60, ''),
(50146, 5018, 5014, 'slider', '', '', '', '', 'kg', 1, 0, 150, 30, 0.5, 60, ''),
(50147, 5006, 5006, 'radio', '音楽鑑賞/映画鑑賞/ＴＶ視聴', '', '', '', '', 2, 0, 0, 0, 0, 1, 'E'),
(50148, 5006, 5006, 'radio', '乗り物での通勤・通学', '', '', '', '', 3, 0, 0, 0, 0, 1, 'E'),
(50149, 5006, 5006, 'radio', '乗り物に乗る', '', '', '', '', 4, 0, 0, 0, 0, 1, 'E'),
(50150, 5006, 5006, 'radio', '入浴', '', '', '', '', 5, 0, 0, 0, 0, 1.5, 'E'),
(50151, 5006, 5006, 'radio', '座って行う仕事', '', '', '', '', 6, 0, 0, 0, 0, 1.5, 'E'),
(50152, 5006, 5006, 'radio', '料理', '', '', '', '', 7, 0, 0, 0, 0, 2, 'E'),
(50153, 5006, 5006, 'radio', '洗濯', '', '', '', '', 8, 0, 0, 0, 0, 2, 'E'),
(50154, 5006, 5006, 'radio', '家の中での歩行', '', '', '', '', 9, 0, 0, 0, 0, 2, 'E'),
(50155, 5006, 5006, 'radio', '立って行う仕事', '', '', '', '', 10, 0, 0, 0, 0, 2.3, 'E'),
(50156, 5006, 5006, 'radio', 'アイロンがけ', '', '', '', '', 11, 0, 0, 0, 0, 2.3, 'E'),
(50157, 5006, 5006, 'radio', '洗濯ものの片付け', '', '', '', '', 12, 0, 0, 0, 0, 2.3, 'E'),
(50158, 5006, 5006, 'radio', '皿洗い/ゴミ捨て', '', '', '', '', 14, 0, 0, 0, 0, 2.5, 'D'),
(50159, 5006, 5006, 'radio', 'ペットの世話', '', '', '', '', 15, 0, 0, 0, 0, 2.5, 'D'),
(50160, 5006, 5006, 'radio', '植物の水やり', '', '', '', '', 16, 0, 0, 0, 0, 2.5, 'D'),
(50161, 5006, 5006, 'radio', '子供の世話', '', '', '', '', 17, 0, 0, 0, 0, 2.5, 'D'),
(50162, 5006, 5006, 'radio', 'ベビーカーを押す', '', '', '', '', 18, 0, 0, 0, 0, 2.5, 'D'),
(50163, 5006, 5006, 'radio', '洗車', '', '', '', '', 19, 0, 0, 0, 0, 3, 'D'),
(50164, 5006, 5006, 'radio', '看護', '', '', '', '', 20, 0, 0, 0, 0, 3, 'D'),
(50165, 5006, 5006, 'radio', '階段の昇降', '', '', '', '', 21, 0, 0, 0, 0, 3, 'D'),
(50166, 5006, 5006, 'radio', '散歩/ペットの散歩', '', '', '', '', 22, 0, 0, 0, 0, 3, 'D'),
(50167, 5006, 5006, 'radio', '自動車の修理/大工仕事', '', '', '', '', 23, 0, 0, 0, 0, 3, 'D'),
(50168, 5006, 5006, 'radio', '幼児を抱きかかえての移動', '', '', '', '', 24, 0, 0, 0, 0, 3, 'D'),
(50169, 5006, 5006, 'radio', '幼児を背負っての移動', '', '', '', '', 25, 0, 0, 0, 0, 3.5, 'D'),
(50170, 5006, 5006, 'radio', '掃除機での掃除', '', '', '', '', 26, 0, 0, 0, 0, 3.5, 'D'),
(50171, 5006, 5006, 'radio', '徒歩通勤・通学', '', '', '', '', 23, 0, 0, 0, 0, 4, 'C'),
(50172, 5006, 5006, 'radio', '庭掃除', '', '', '', '', 24, 0, 0, 0, 0, 4, 'C'),
(50173, 5006, 5006, 'radio', '高齢者・身体障害者の介護', '', '', '', '', 25, 0, 0, 0, 0, 4, 'C'),
(50174, 5006, 5006, 'radio', '子供と遊ぶ', '', '', '', '', 26, 0, 0, 0, 0, 4, 'C'),
(50175, 5006, 5006, 'radio', '車椅子を押しての移動', '', '', '', '', 27, 0, 0, 0, 0, 4, 'C'),
(50176, 5006, 5006, 'radio', 'やや早足で荷物を運ぶ', '', '', '', '', 28, 0, 0, 0, 0, 4.5, 'C'),
(50177, 5006, 5006, 'radio', '階段を下る', '', '', '', '', 29, 0, 0, 0, 0, 5, 'C'),
(50178, 5006, 5006, 'radio', '松葉杖で歩く', '', '', '', '', 30, 0, 0, 0, 0, 5, 'C'),
(50179, 5006, 5006, 'radio', '芝刈り(電動芝刈り機にて)', '', '', '', '', 31, 0, 0, 0, 0, 5.5, 'C'),
(50180, 5006, 5006, 'radio', '家財道具の移動', '', '', '', '', 32, 0, 0, 0, 0, 6, 'C'),
(50181, 5006, 5006, 'radio', '雪かき', '', '', '', '', 33, 0, 0, 0, 0, 6, 'C'),
(50182, 5006, 5006, 'radio', '重い荷物の運搬', '', '', '', '', 16, 0, 0, 0, 0, 8, 'B'),
(50183, 5014, 5012, 'radio', '音楽鑑賞/映画鑑賞/ＴＶ視聴', '', '', '', '', 2, 0, 0, 0, 0, 1, 'E'),
(50184, 5014, 5012, 'radio', '乗り物での通勤・通学', '', '', '', '', 3, 0, 0, 0, 0, 1, 'E'),
(50185, 5014, 5012, 'radio', '乗り物に乗る', '', '', '', '', 4, 0, 0, 0, 0, 1, 'E'),
(50186, 5014, 5012, 'radio', '入浴', '', '', '', '', 5, 0, 0, 0, 0, 1.5, 'E'),
(50187, 5014, 5012, 'radio', '座って行う仕事', '', '', '', '', 6, 0, 0, 0, 0, 1.5, 'E'),
(50188, 5014, 5012, 'radio', '料理', '', '', '', '', 7, 0, 0, 0, 0, 2, 'E'),
(50189, 5014, 5012, 'radio', '洗濯', '', '', '', '', 8, 0, 0, 0, 0, 2, 'E'),
(50190, 5014, 5012, 'radio', '家の中での歩行', '', '', '', '', 9, 0, 0, 0, 0, 2, 'E'),
(50191, 5014, 5012, 'radio', '立って行う仕事', '', '', '', '', 10, 0, 0, 0, 0, 2.3, 'E'),
(50192, 5014, 5012, 'radio', 'アイロンがけ', '', '', '', '', 11, 0, 0, 0, 0, 2.3, 'E'),
(50193, 5014, 5012, 'radio', '洗濯ものの片付け', '', '', '', '', 12, 0, 0, 0, 0, 2.3, 'E'),
(50194, 5014, 5012, 'radio', '皿洗い/ゴミ捨て', '', '', '', '', 14, 0, 0, 0, 0, 2.5, 'D'),
(50195, 5014, 5012, 'radio', 'ペットの世話', '', '', '', '', 15, 0, 0, 0, 0, 2.5, 'D'),
(50196, 5014, 5012, 'radio', '植物の水やり', '', '', '', '', 16, 0, 0, 0, 0, 2.5, 'D'),
(50197, 5014, 5012, 'radio', '子供の世話', '', '', '', '', 17, 0, 0, 0, 0, 2.5, 'D'),
(50198, 5014, 5012, 'radio', 'ベビーカーを押す', '', '', '', '', 18, 0, 0, 0, 0, 2.5, 'D'),
(50199, 5014, 5012, 'radio', '洗車', '', '', '', '', 19, 0, 0, 0, 0, 3, 'D'),
(50200, 5014, 5012, 'radio', '看護', '', '', '', '', 20, 0, 0, 0, 0, 3, 'D'),
(50201, 5014, 5012, 'radio', '階段の昇降', '', '', '', '', 21, 0, 0, 0, 0, 3, 'D'),
(50202, 5014, 5012, 'radio', '散歩/ペットの散歩', '', '', '', '', 22, 0, 0, 0, 0, 3, 'D'),
(50203, 5014, 5012, 'radio', '自動車の修理/大工仕事', '', '', '', '', 23, 0, 0, 0, 0, 3, 'D'),
(50204, 5014, 5012, 'radio', '幼児を抱きかかえての移動', '', '', '', '', 24, 0, 0, 0, 0, 3, 'D'),
(50205, 5014, 5012, 'radio', '幼児を背負っての移動', '', '', '', '', 25, 0, 0, 0, 0, 3.5, 'D'),
(50206, 5014, 5012, 'radio', '掃除機での掃除', '', '', '', '', 26, 0, 0, 0, 0, 3.5, 'D'),
(50207, 5014, 5012, 'radio', '徒歩通勤・通学', '', '', '', '', 23, 0, 0, 0, 0, 4, 'C'),
(50208, 5014, 5012, 'radio', '庭掃除', '', '', '', '', 23, 0, 0, 0, 0, 4, 'C'),
(50209, 5014, 5012, 'radio', '高齢者・身体障害者の介護', '', '', '', '', 23, 0, 0, 0, 0, 4, 'C'),
(50210, 5014, 5012, 'radio', '子供と遊ぶ', '', '', '', '', 23, 0, 0, 0, 0, 4, 'C'),
(50211, 5014, 5012, 'radio', '車椅子を押しての移動', '', '', '', '', 23, 0, 0, 0, 0, 4, 'C'),
(50212, 5014, 5012, 'radio', 'やや早足で荷物を運ぶ', '', '', '', '', 23, 0, 0, 0, 0, 4.5, 'C'),
(50213, 5014, 5012, 'radio', '階段を下る', '', '', '', '', 23, 0, 0, 0, 0, 5, 'C'),
(50214, 5014, 5012, 'radio', '松葉杖で歩く', '', '', '', '', 23, 0, 0, 0, 0, 5, 'C'),
(50215, 5014, 5012, 'radio', '芝刈り(電動芝刈り機にて)', '', '', '', '', 23, 0, 0, 0, 0, 5.5, 'C'),
(50216, 5014, 5012, 'radio', '家財道具の移動', '', '', '', '', 23, 0, 0, 0, 0, 6, 'C'),
(50217, 5014, 5012, 'radio', '雪かき', '', '', '', '', 23, 0, 0, 0, 0, 6, 'C'),
(50218, 5014, 5012, 'radio', '重い荷物の運搬', '', '', '', '', 16, 0, 0, 0, 0, 8, 'B');

-- --------------------------------------------------------

--
-- テーブルの構造 `m_food_info`
--

CREATE TABLE IF NOT EXISTS `m_food_info` (
  `FoodID` int(11) NOT NULL COMMENT '区分ID',
  `FoodName` varchar(100) NOT NULL COMMENT '区分名',
  `WeightRate` float DEFAULT NULL COMMENT '重量比率',
  `UnitWeight` varchar(10) DEFAULT NULL COMMENT '単位重量',
  `Col_001` float NOT NULL COMMENT 'エネルギー エネルギー [整数]',
  `Col_002` float NOT NULL COMMENT 'エネルギー エネルギー [整数]',
  `Col_003` float NOT NULL COMMENT 'En計算値 たんぱく質 [計算式]',
  `Col_004` float NOT NULL COMMENT 'En計算値 脂質 [計算式]',
  `Col_005` float NOT NULL COMMENT 'En計算値 炭水化物 [計算式]',
  `Col_006` float NOT NULL COMMENT 'En計算値 酢酸 [計算式]',
  `Col_007` float NOT NULL COMMENT 'En計算値 アルコール [計算式]',
  `Col_008` float NOT NULL COMMENT 'En計算値 （しょ糖） [計算式]',
  `Col_009` float NOT NULL COMMENT 'En計算値 合計 [計算式]',
  `Col_010` float NOT NULL COMMENT 'En計算値 合計（round） [計算式]',
  `Col_011` float NOT NULL COMMENT '一般成分 水分 [0.0]',
  `Col_012` float NOT NULL COMMENT '一般成分 たんぱく質 [0.0]',
  `Col_013` float NOT NULL COMMENT '一般成分 アミノ酸組成たんぱく質 [0.0]',
  `Col_014` float NOT NULL COMMENT '一般成分 脂質 [0.0]',
  `Col_015` float NOT NULL COMMENT '一般成分 TG当量 [0.0]',
  `Col_016` float NOT NULL COMMENT '一般成分 炭水化物 [0.0]',
  `Col_017` float NOT NULL COMMENT '一般成分 灰分 [0.0]',
  `Col_018` float NOT NULL COMMENT '無機質 ナトリウム [整数]',
  `Col_019` float NOT NULL COMMENT '無機質 カリウム [整数]',
  `Col_020` float NOT NULL COMMENT '無機質 カルシウム [整数]',
  `Col_021` float NOT NULL COMMENT '無機質 マグネシウム [整数]',
  `Col_022` float NOT NULL COMMENT '無機質 リン [整数]',
  `Col_023` float NOT NULL COMMENT '無機質 鉄 [0.0]',
  `Col_024` float NOT NULL COMMENT '無機質 亜鉛 [0.0]',
  `Col_025` float NOT NULL COMMENT '無機質 銅 [0.00]',
  `Col_026` float NOT NULL COMMENT '無機質 マンガン [0.00]',
  `Col_027` float NOT NULL COMMENT '無機質 ヨウ素 [整数]',
  `Col_028` float NOT NULL COMMENT '無機質 セレン [整数]',
  `Col_029` float NOT NULL COMMENT '無機質 クロム [整数]',
  `Col_030` float NOT NULL COMMENT '無機質 モリブデン [整数]',
  `Col_031` float NOT NULL COMMENT '"ビタミン レチノール [整数]"',
  `Col_032` float NOT NULL COMMENT 'ビタミン αカロテン [整数]',
  `Col_033` float NOT NULL COMMENT 'ビタミン βカロテン [整数]',
  `Col_034` float NOT NULL COMMENT 'ビタミン クリプトキサンチン [整数]',
  `Col_035` float NOT NULL COMMENT 'ビタミン βカロテン当量 [整数]',
  `Col_036` float NOT NULL COMMENT 'ビタミン レチノール当量 [整数]',
  `Col_037` float NOT NULL COMMENT 'ビタミン ビタミンD [0.0]',
  `Col_038` float NOT NULL COMMENT 'ビタミン αトコフェロール [0.0]',
  `Col_039` float NOT NULL COMMENT 'ビタミン βトコフェロール [0.0]',
  `Col_040` float NOT NULL COMMENT 'ビタミン γトコフェロール [0.0]',
  `Col_041` float NOT NULL COMMENT 'ビタミン δトコフェロール [0.0]',
  `Col_042` float NOT NULL COMMENT 'ビタミン ビタミンK [整数]',
  `Col_043` float NOT NULL COMMENT 'ビタミン ビタミンB1 [0.00]',
  `Col_044` float NOT NULL COMMENT 'ビタミン ビタミンB2 [0.00]',
  `Col_045` float NOT NULL COMMENT 'ビタミン ナイアシン [0.0]',
  `Col_046` float NOT NULL COMMENT 'ビタミン ビタミンB6 [0.00]',
  `Col_047` float NOT NULL COMMENT 'ビタミン ビタミンB12 [0.0]',
  `Col_048` float NOT NULL COMMENT 'ビタミン 葉酸 [整数]',
  `Col_049` float NOT NULL COMMENT 'ビタミン パントテン酸 [0.00]',
  `Col_050` float NOT NULL COMMENT 'ビタミン ビオチン [0.0]',
  `Col_051` float NOT NULL COMMENT 'ビタミン ビタミンC [整数]',
  `Col_052` float NOT NULL COMMENT '脂肪酸 飽和脂肪酸 [0.00]',
  `Col_053` float NOT NULL COMMENT '脂肪酸 一価不飽和脂肪酸 [0.00]',
  `Col_054` float NOT NULL COMMENT '脂肪酸 多価不飽和脂肪酸 [0.00]',
  `Col_055` float NOT NULL COMMENT '脂肪酸 コレステロール [整数]',
  `Col_056` float NOT NULL COMMENT '食物繊維 水溶性食物繊維 [0.0]',
  `Col_057` float NOT NULL COMMENT '食物繊維 不溶性食物繊維 [0.0]',
  `Col_058` float NOT NULL COMMENT '食物繊維 食物繊維総量 [0.0]',
  `Col_059` float NOT NULL COMMENT '食物繊維 食塩相当量 [0.0]',
  `Col_060` float NOT NULL COMMENT '備考欄 酢酸量 [0.0]',
  `Col_061` float NOT NULL COMMENT '備考欄 アルコール量 [0.0]',
  `Col_062` float NOT NULL COMMENT '備考欄 しょ糖相当量 [0.0]',
  `Col_063` float NOT NULL COMMENT '備考欄 硝酸イオン [0.0]',
  `Col_064` float NOT NULL COMMENT '備考欄 二酸化炭素等 [0.0]',
  `Col_065` float NOT NULL COMMENT '備考欄 カフェイン [0.0]',
  `Col_066` float NOT NULL COMMENT '備考欄 タンニン [0.0]',
  `Col_067` float NOT NULL COMMENT '備考欄 テオブロミン [0.0]',
  `Col_068` float NOT NULL COMMENT '備考欄 トランス酸(一価） [0.0]',
  `Col_069` float NOT NULL COMMENT '備考欄 トランス酸（多価） [0.0]',
  `Col_070` float NOT NULL COMMENT '脂肪酸 脂肪酸総量 [0.00]',
  `Col_071` float NOT NULL COMMENT '脂肪酸 飽和脂肪酸 [0.00]',
  `Col_072` float NOT NULL COMMENT '脂肪酸 一価不飽和脂肪酸 [0.00]',
  `Col_073` float NOT NULL COMMENT '脂肪酸 多価不飽和脂肪酸 [0.00]',
  `Col_074` float NOT NULL COMMENT '脂肪酸 n-3系多価不飽和脂肪酸 [0.00]',
  `Col_075` float NOT NULL COMMENT '脂肪酸 n-6系多価不飽和脂肪酸 [0.00]',
  `Col_076` float NOT NULL COMMENT '4:0  酪酸 [整数]',
  `Col_077` float NOT NULL COMMENT '6:0  ヘキサン酸 [整数]',
  `Col_078` float NOT NULL COMMENT '7:0  ヘプタン酸 [整数]',
  `Col_079` float NOT NULL COMMENT '8:0  オクタン酸 [整数]',
  `Col_080` float NOT NULL COMMENT '10:0  デカン酸 [整数]',
  `Col_081` float NOT NULL COMMENT '12:0  ラウリン酸 [整数]',
  `Col_082` float NOT NULL COMMENT '13:0  トリデカン酸 [整数]',
  `Col_083` float NOT NULL COMMENT '14:0  ミリスチン酸 [整数]',
  `Col_084` float NOT NULL COMMENT '15:0  ペンタデカン酸 [整数]',
  `Col_085` float NOT NULL COMMENT '15:0 ant ペンタデカン酸 [整数]',
  `Col_086` float NOT NULL COMMENT '16:0  パルミチン酸 [整数]',
  `Col_087` float NOT NULL COMMENT '16:0 iso パルミチン酸 [整数]',
  `Col_088` float NOT NULL COMMENT '17:0  ヘプタデカン酸 [整数]',
  `Col_089` float NOT NULL COMMENT '17:0 ant ヘプタデカン酸 [整数]',
  `Col_090` float NOT NULL COMMENT '18:0  ステアリン酸 [整数]',
  `Col_091` float NOT NULL COMMENT '20:0  アラキジン酸 [整数]',
  `Col_092` float NOT NULL COMMENT '22:0  ベヘン酸 [整数]',
  `Col_093` float NOT NULL COMMENT '24:0  リグノセリン酸 [整数]',
  `Col_094` float NOT NULL COMMENT '10:1  デセン酸 [整数]',
  `Col_095` float NOT NULL COMMENT '14:1  ミリストレイン酸 [整数]',
  `Col_096` float NOT NULL COMMENT '15:1  ペンタデセン酸 [整数]',
  `Col_097` float NOT NULL COMMENT '16:1  パルミトレイン酸 [整数]',
  `Col_098` float NOT NULL COMMENT '17:1  ヘプタデセン酸 [整数]',
  `Col_099` float NOT NULL COMMENT '18:1  オレイン酸 [整数]',
  `Col_100` float NOT NULL COMMENT '20:1  イコセン酸 [整数]',
  `Col_101` float NOT NULL COMMENT '22:1  ドコセン酸 [整数]',
  `Col_102` float NOT NULL COMMENT '24:1  テトラコセン酸 [整数]',
  `Col_103` float NOT NULL COMMENT '16:2  ヘキサデカジエン酸 [整数]',
  `Col_104` float NOT NULL COMMENT '"16:3  ヘキサデカトリエン酸 [整数]"',
  `Col_105` float NOT NULL COMMENT '"16:4  ヘキサデカテトラエン酸 [整数]"',
  `Col_106` float NOT NULL COMMENT '17:2  ヘプタデカジエン酸 [整数]',
  `Col_107` float NOT NULL COMMENT '18:2  オクタデカジエン酸 [整数]',
  `Col_108` float NOT NULL COMMENT '18:2 n-6 リノール酸 [整数]',
  `Col_109` float NOT NULL COMMENT '18:3  オクタデカトリエン酸 [整数]',
  `Col_110` float NOT NULL COMMENT '18:3 n-3 α‐リノレン酸 [整数]',
  `Col_111` float NOT NULL COMMENT '18:3 n-6 γ‐リノレン酸 [整数]',
  `Col_112` float NOT NULL COMMENT '"18:4 n-3 オクタデカテトラエン酸 [整数]"',
  `Col_113` float NOT NULL COMMENT '20:2 n-6 イコサジエン酸 [整数]',
  `Col_114` float NOT NULL COMMENT '20:3 n-6 イコサトリエン酸 [整数]',
  `Col_115` float NOT NULL COMMENT '20:4 n-3 イコサテトラエン酸 [整数]',
  `Col_116` float NOT NULL COMMENT '20:4 n-6 アラキドン酸 [整数]',
  `Col_117` float NOT NULL COMMENT '20:5 n-3 イコサペンタエン酸 [整数]',
  `Col_118` float NOT NULL COMMENT '"21:5 n-3 ヘンイコサペンタエン酸 [整数]"',
  `Col_119` float NOT NULL COMMENT '22:2  ドコサジエン酸 [整数]',
  `Col_120` float NOT NULL COMMENT '22:4 n-6 ドコサテトラエン酸 [整数]',
  `Col_121` float NOT NULL COMMENT '22:5 n-3 ドコサペンタエン酸 [整数]',
  `Col_122` float NOT NULL COMMENT '22:5 n-6 ドコサペンタエン酸 [整数]',
  `Col_123` float NOT NULL COMMENT '22:6 n-3 ドコサヘキサエン酸 [整数]',
  `Col_124` float NOT NULL COMMENT ' 未同定 [整数]',
  `Col_125` float NOT NULL COMMENT 'trans 16:01  パルミトレイン酸 [整数]',
  `Col_126` float NOT NULL COMMENT 'trans 18:01  オレイン酸 [整数]',
  `Col_127` float NOT NULL COMMENT 'trans 20:01  イコセン酸 [整数]',
  `Col_128` float NOT NULL COMMENT 'trans 18:02 n-6 リノール酸 [整数]',
  `Col_129` float NOT NULL COMMENT 'trans 18:03 n-3 α‐リノレン酸 [整数]',
  `Col_130` float NOT NULL COMMENT '"  アミノ酸組成によるたんぱく質 [0.0]"',
  `Col_131` float NOT NULL COMMENT ' Ile イソロイシン [整数]',
  `Col_132` float NOT NULL COMMENT ' Leu ロイシン [整数]',
  `Col_133` float NOT NULL COMMENT ' Lys リシン [整数]',
  `Col_134` float NOT NULL COMMENT '含硫 Met メチオニン [整数]',
  `Col_135` float NOT NULL COMMENT '含硫 Cys シスチン [整数]',
  `Col_136` float NOT NULL COMMENT ' SAA 含硫アミノ酸合計 [整数]',
  `Col_137` float NOT NULL COMMENT '芳香族 Phe フェニルアラニン [整数]',
  `Col_138` float NOT NULL COMMENT '芳香族 Tyr チロシン [整数]',
  `Col_139` float NOT NULL COMMENT ' AAA 芳香族アミノ酸合計 [整数]',
  `Col_140` float NOT NULL COMMENT ' Thr トレオニン [整数]',
  `Col_141` float NOT NULL COMMENT ' Trp トリプトファン [整数]',
  `Col_142` float NOT NULL COMMENT ' Val バリン [整数]',
  `Col_143` float NOT NULL COMMENT ' His ヒスチジン [整数]',
  `Col_144` float NOT NULL COMMENT ' Arg アルギニン [整数]',
  `Col_145` float NOT NULL COMMENT ' Ala アラニン [整数]',
  `Col_146` float NOT NULL COMMENT ' Asp アスパラギン酸 [整数]',
  `Col_147` float NOT NULL COMMENT ' Glu グルタミン酸 [整数]',
  `Col_148` float NOT NULL COMMENT ' Gly グリシン [整数]',
  `Col_149` float NOT NULL COMMENT ' Pro プロリン [整数]',
  `Col_150` float NOT NULL COMMENT ' Ser セリン [整数]',
  `Col_151` float NOT NULL COMMENT '  アミノ酸合計 [整数]',
  `Col_152` float NOT NULL COMMENT '  アンモニア [整数]',
  `Col_153` float NOT NULL COMMENT '備考欄  剰余アンモニア [整数]',
  `Col_154` float NOT NULL COMMENT '備考欄  ヒドロキシプロリン [整数]',
  `Col_155` float NOT NULL COMMENT '炭水化物  糖質 [0.0]',
  `Col_156` float NOT NULL COMMENT '炭水化物  食物繊維総量 [0.0]',
  `Col_157` float NOT NULL COMMENT '糖質  でん粉 [0.0]',
  `Col_158` float NOT NULL COMMENT '糖質 糖類 糖類総量 [0.0]',
  `Col_159` float NOT NULL COMMENT '糖質 糖類 ぶどう糖 [0.0]',
  `Col_160` float NOT NULL COMMENT '糖質 糖類 果糖 [0.0]',
  `Col_161` float NOT NULL COMMENT '糖質 糖類 しょ糖 [0.0]',
  `Col_162` float NOT NULL COMMENT '糖質 糖類 麦芽糖 [0.0]',
  `Col_163` float NOT NULL COMMENT '糖質 糖類 乳糖 [0.0]',
  `Col_164` float NOT NULL COMMENT '備考欄  オリゴ糖 [0.0]',
  `Col_165` float NOT NULL COMMENT '備考欄  糖その他 [0.0]',
  `Col_166` float NOT NULL COMMENT '備考欄  ラフィノース [0.0]',
  `Col_167` float NOT NULL COMMENT '備考欄  スタキオース [0.0]',
  `Col_168` float NOT NULL COMMENT '備考欄  マンニトール [0.0]',
  `Col_169` float NOT NULL COMMENT '備考欄  ソルビトール [0.0]',
  `Col_170` float NOT NULL COMMENT '備考欄  ガラクトース [0.0]',
  `Col_171` float NOT NULL COMMENT '備考欄  ソルボース [0.0]',
  `Col_172` float NOT NULL COMMENT '備考欄  レボシン [0.0]',
  `Col_173` float NOT NULL COMMENT '備考欄  マンノヘプツロース [0.0]',
  `flg_csv` int(11) NOT NULL COMMENT 'CSVダウンロード 1:出力',
  PRIMARY KEY (`FoodID`)
) ENGINE=InnoDB DEFAULT CHARSET=utf8 COMMENT='食事情報マスタテーブル';

--
-- テーブルのデータのダンプ `m_food_info`
--

INSERT INTO `m_food_info` (`FoodID`, `FoodName`, `WeightRate`, `UnitWeight`, `Col_001`, `Col_002`, `Col_003`, `Col_004`, `Col_005`, `Col_006`, `Col_007`, `Col_008`, `Col_009`, `Col_010`, `Col_011`, `Col_012`, `Col_013`, `Col_014`, `Col_015`, `Col_016`, `Col_017`, `Col_018`, `Col_019`, `Col_020`, `Col_021`, `Col_022`, `Col_023`, `Col_024`, `Col_025`, `Col_026`, `Col_027`, `Col_028`, `Col_029`, `Col_030`, `Col_031`, `Col_032`, `Col_033`, `Col_034`, `Col_035`, `Col_036`, `Col_037`, `Col_038`, `Col_039`, `Col_040`, `Col_041`, `Col_042`, `Col_043`, `Col_044`, `Col_045`, `Col_046`, `Col_047`, `Col_048`, `Col_049`, `Col_050`, `Col_051`, `Col_052`, `Col_053`, `Col_054`, `Col_055`, `Col_056`, `Col_057`, `Col_058`, `Col_059`, `Col_060`, `Col_061`, `Col_062`, `Col_063`, `Col_064`, `Col_065`, `Col_066`, `Col_067`, `Col_068`, `Col_069`, `Col_070`, `Col_071`, `Col_072`, `Col_073`, `Col_074`, `Col_075`, `Col_076`, `Col_077`, `Col_078`, `Col_079`, `Col_080`, `Col_081`, `Col_082`, `Col_083`, `Col_084`, `Col_085`, `Col_086`, `Col_087`, `Col_088`, `Col_089`, `Col_090`, `Col_091`, `Col_092`, `Col_093`, `Col_094`, `Col_095`, `Col_096`, `Col_097`, `Col_098`, `Col_099`, `Col_100`, `Col_101`, `Col_102`, `Col_103`, `Col_104`, `Col_105`, `Col_106`, `Col_107`, `Col_108`, `Col_109`, `Col_110`, `Col_111`, `Col_112`, `Col_113`, `Col_114`, `Col_115`, `Col_116`, `Col_117`, `Col_118`, `Col_119`, `Col_120`, `Col_121`, `Col_122`, `Col_123`, `Col_124`, `Col_125`, `Col_126`, `Col_127`, `Col_128`, `Col_129`, `Col_130`, `Col_131`, `Col_132`, `Col_133`, `Col_134`, `Col_135`, `Col_136`, `Col_137`, `Col_138`, `Col_139`, `Col_140`, `Col_141`, `Col_142`, `Col_143`, `Col_144`, `Col_145`, `Col_146`, `Col_147`, `Col_148`, `Col_149`, `Col_150`, `Col_151`, `Col_152`, `Col_153`, `Col_154`, `Col_155`, `Col_156`, `Col_157`, `Col_158`, `Col_159`, `Col_160`, `Col_161`, `Col_162`, `Col_163`, `Col_164`, `Col_165`, `Col_166`, `Col_167`, `Col_168`, `Col_169`, `Col_170`, `Col_171`, `Col_172`, `Col_173`, `flg_csv`) VALUES
(1, 'めし', NULL, '50.0', 84, 352, 5, 1.3, 77.9, 0, 0, 0, 84.1, 84, 30, 1.3, 1, 0.2, 0.2, 18.6, 0.1, 1, 15, 2, 4, 17, 0.1, 0.3, 0.05, 0.18, 0, 1, 0, 15, 0, 0, 0, 0, 0, 0, 0, 0, 0, 0, 0, 0, 0.01, 0.01, 0.1, 0.01, 0, 2, 0.13, 0.3, 0, 0.05, 0.04, 0.05, 0, 0, 0.2, 0.2, 0, 0, 0, 0, 0, 0, 0, 0, 0, 0, 0, 0.14, 0.05, 0.04, 0.05, 0, 0.05, 0, 0, 0, 0, 0, 0, 0, 2, 0, 0, 41, 0, 0, 0, 4, 1, 0, 1, 0, 0, 0, 1, 0, 34, 1, 0, 0, 0, 0, 0, 0, 0, 50, 0, 2, 0, 0, 0, 0, 0, 0, 0, 0, 0, 0, 0, 0, 0, 0, 0, 0, 0, 0, 0, 1, 46, 95, 42, 31, 27, 55, 60, 48, 110, 42, 18, 65, 31, 95, 65, 110, 205, 55, 55, 65, 1150, 27, 0, 0, 18.4, 0.2, 18.1, 0.4, 0.2, 0, 0.2, 0, 0, 0, 0, 0, 0, 0, 0, 0, 0, 0, 0, 1),
(2, '和風めん', NULL, '50.0', 59, 246, 7.5, 3, 48.4, 0, 0, 0, 58.9, 59, 35.9, 1.8, 0, 0.3, 0.3, 11.8, 0.2, 33, 10, 4, 8, 23, 0.2, 0.1, 0.03, 0.12, 0, 3, 1, 3, 0, 0, 0, 0, 0, 0, 0, 0.1, 0, 0.2, 0, 0, 0.02, 0.01, 0.2, 0.01, 0, 2, 0.11, 0.7, 0, 0.07, 0.06, 0.15, 0, 0.2, 0.5, 0.7, 0.1, 0, 0, 0, 0, 0, 0, 0, 0, 0, 0, 0.29, 0.07, 0.06, 0.15, 0.01, 0.14, 0, 0, 0, 0, 0, 0, 0, 1, 0, 0, 65, 0, 0, 0, 4, 1, 1, 1, 0, 0, 0, 0, 0, 56, 4, 0, 0, 0, 0, 0, 0, 0, 144, 0, 8, 0, 0, 0, 0, 0, 0, 0, 0, 0, 0, 0, 0, 0, 0, 0, 0, 0, 0, 0, 0, 0, 0, 0, 0, 0, 0, 0, 0, 0, 0, 0, 0, 0, 0, 0, 0, 0, 0, 0, 0, 0, 0, 0, 0, 5.6, 0.2, 5.4, 0.1, 0, 0, 0, 0, 0, 0, 0, 0, 0, 0, 0, 0, 0, 0, 0, 1),
(3, '洋風中華めん', NULL, '50.0', 75, 312, 10.9, 3.1, 60.5, 0, 0, 0, 74.5, 75, 32.5, 2.5, 0, 0.4, 0.3, 14.4, 0.2, 58, 19, 7, 6, 19, 0.2, 0.2, 0.04, 0.05, 0, 11, 0, 4, 0, 0, 0, 0, 0, 0, 0, 0.1, 0.1, 0, 0, 0, 0.01, 0.01, 0.2, 0, 0, 2, 0.13, 0.5, 0, 0.09, 0.03, 0.19, 0, 0.2, 0.5, 0.7, 0.1, 0, 0, 0, 0, 0, 0, 0, 0, 0, 0, 0.31, 0.09, 0.03, 0.19, 0.01, 0.18, 0, 0, 0, 0, 0, 0, 0, 1, 1, 0, 79, 0, 1, 0, 4, 0, 0, 0, 0, 0, 0, 0, 0, 32, 1, 0, 0, 0, 0, 0, 0, 0, 178, 0, 10, 0, 0, 0, 0, 0, 0, 0, 0, 0, 0, 0, 0, 0, 0, 0, 0, 0, 0, 0, 0, 0, 0, 0, 0, 0, 0, 0, 0, 0, 0, 0, 0, 0, 0, 0, 0, 0, 0, 0, 0, 0, 0, 0, 0, 13.7, 0.7, 13.5, 0.3, 0, 0, 0.1, 0.1, 0, 0, 0, 0, 0, 0, 0, 0, 0, 0, 0, 1),
(4, 'パン', NULL, '50.0', 148, 618, 17.5, 32.7, 97.5, 0, 0, 0, 147.7, 148, 16.8, 4.4, 1.6, 3.6, 0.5, 24.4, 0.8, 245, 64, 15, 12, 45, 0.4, 0.4, 0.07, 0.19, 0, 4, 0, 3, 0, 0, 6, 0, 6, 1, 0, 0.3, 0.1, 0.6, 0.1, 0, 0.05, 0.03, 0.6, 0.02, 0, 16, 0.23, 0.3, 0, 0.16, 0.17, 0.15, 0, 0.5, 0.8, 1.3, 0.6, 0, 0, 0, 0, 0, 0, 0, 0, 0, 0, 3.35, 1.11, 1.29, 0.92, 0.05, 0.87, 9, 6, 0, 9, 12, 55, 0, 58, 5, 1, 729, 1, 5, 1, 190, 13, 6, 2, 1, 3, 0, 12, 1, 1261, 11, 0, 0, 0, 0, 0, 0, 0, 864, 0, 50, 0, 0, 0, 0, 0, 1, 0, 0, 0, 0, 0, 0, 0, 39, 1, 221, 1, 14, 2, 1.6, 66, 127, 40, 27, 41, 69, 94, 57, 152, 56, 20, 81, 43, 67, 63, 87, 614, 72, 216, 89, 1864, 71, 0, 0, 23.1, 1.3, 20.3, 2.8, 0.5, 0.5, 1.1, 0.2, 0.2, 0, 0, 0, 0, 0, 0, 0, 0, 0, 0, 1),
(5, 'いも類（主食）', NULL, '50.0', 46, 193, 1.9, 0.6, 43.5, 0, 0, 0, 46, 46, 38.1, 0.7, 0, 0.1, 0, 10.8, 0.4, 1, 195, 9, 9, 15, 0.2, 0.1, 0.06, 0.12, 0, 0, 1, 2, 0, 0, 5, 0, 5, 0, 0, 0.3, 0, 0, 0, 0, 0.04, 0.02, 0.4, 0.1, 0, 14, 0.29, 0.9, 10, 0.01, 0, 0.02, 0, 0.3, 0.8, 1.2, 0, 0, 0, 0, 0, 0, 0, 0, 0, 0, 0, 0.03, 0.01, 0, 0.02, 0.01, 0.01, 0, 0, 0, 0, 0, 0, 0, 0, 0, 0, 7, 0, 0, 0, 1, 0, 0, 0, 0, 0, 0, 0, 0, 0, 0, 0, 0, 0, 0, 0, 0, 0, 13, 0, 3, 0, 0, 0, 0, 0, 0, 0, 0, 0, 0, 0, 0, 0, 0, 0, 0, 0, 0, 0, 0, 0, 0, 0, 0, 0, 0, 0, 0, 0, 0, 0, 0, 0, 0, 0, 0, 0, 0, 0, 0, 0, 0, 0, 0, 5.1, 0.5, 4.8, 0.2, 0.1, 0, 0.1, 0, 0, 0, 0, 0, 0, 0, 0, 0, 0, 0, 0, 1),
(6, '肉類', NULL, '50.0', 127, 530, 50.5, 75.4, 0.9, 0, 0, 0, 126.8, 127, 29.1, 12, 0, 8.1, 7.5, 0.2, 0.6, 75, 150, 3, 12, 102, 0.5, 1.5, 0.04, 0.01, 0, 4, 0, 0, 5, 0, 1, 0, 1, 5, 0.1, 0.1, 0, 0, 0, 8, 0.16, 0.1, 3.4, 0.16, 0.3, 3, 0.65, 0.7, 2, 2.98, 3.54, 0.66, 47, 0, 0, 0, 0.2, 0, 0, 0, 0, 0, 0, 0, 0, 0, 0, 7.18, 2.98, 3.54, 0.66, 0.03, 0.62, 0, 0, 0, 0, 4, 7, 0, 163, 19, 0, 1833, 0, 48, 0, 907, 9, 0, 0, 0, 38, 0, 272, 38, 3165, 38, 0, 0, 0, 0, 0, 0, 0, 562, 0, 29, 0, 0, 17, 8, 0, 26, 0, 0, 0, 4, 3, 1, 2, 2, 0, 0, 0, 0, 0, 0, 0, 0, 0, 0, 0, 0, 0, 0, 0, 0, 0, 0, 0, 0, 0, 0, 0, 0, 0, 0, 0, 0, 0, 0, 0, 0, 0, 0, 0, 0, 0, 0, 0, 0, 0, 0, 0, 0, 0, 0, 0, 0, 0, 1),
(7, '魚介類', NULL, '50.0', 79, 333, 42.3, 33.4, 3.8, 0, 0, 0, 79.5, 79, 34.4, 10.1, 1.8, 3.6, 2.8, 0.9, 0.9, 174, 146, 25, 18, 112, 0.6, 0.7, 0.09, 0.03, 3, 10, 0, 0, 10, 0, 5, 0, 5, 10, 3, 0.9, 0, 0.3, 0.1, 0, 0.05, 0.09, 3.6, 0.14, 3.3, 6, 0.34, 1.4, 0, 0.78, 0.97, 0.96, 46, 0, 0, 0, 0.4, 0, 0, 0, 0, 0, 0, 0, 0, 0, 0, 2.73, 0.78, 0.97, 0.96, 0.59, 0.36, 0, 0, 0, 0, 0, 1, 0, 115, 13, 0, 481, 0, 21, 0, 133, 9, 2, 1, 0, 1, 0, 124, 13, 505, 145, 160, 22, 5, 4, 5, 0, 0, 318, 0, 43, 2, 38, 6, 4, 16, 25, 167, 5, 0, 1, 42, 5, 277, 13, 0, 0, 0, 0, 0, 1.8, 92, 160, 181, 60, 23, 83, 81, 69, 149, 92, 23, 102, 124, 130, 119, 201, 302, 122, 80, 81, 2040, 31, 0, 2, 0, 0, 0, 0, 0, 0, 0, 0, 0, 0, 0, 0, 0, 0, 0, 0, 0, 0, 0, 1),
(8, '卵', NULL, '50.0', 79, 330, 27.2, 51, 0.5, 0, 0, 0, 78.7, 79, 37.7, 6.3, 0, 5.4, 4.5, 0.1, 0.5, 60, 58, 27, 6, 95, 1, 0.7, 0.04, 0.01, 0, 0, 0, 0, 73, 0, 2, 15, 9, 75, 0.7, 0.5, 0, 0.3, 0, 6, 0.03, 0.2, 0.1, 0.04, 0.5, 20, 0.7, 0, 0, 1.48, 1.93, 0.87, 210, 0, 0, 0, 0.2, 0, 0, 0, 0, 0, 0, 0, 0, 0, 0, 4.28, 1.48, 1.93, 0.87, 0.09, 0.79, 0, 0, 0, 0, 0, 0, 0, 17, 4, 0, 1075, 0, 12, 0, 375, 0, 0, 0, 0, 3, 0, 93, 7, 1825, 10, 0, 0, 0, 0, 0, 0, 0, 700, 0, 23, 0, 0, 9, 8, 0, 78, 0, 0, 0, 5, 4, 0, 63, 0, 0, 0, 0, 0, 0, 0, 0, 0, 0, 0, 0, 0, 0, 0, 0, 0, 0, 0, 0, 0, 0, 0, 0, 0, 0, 0, 0, 0, 0, 0, 0.1, 0, 0, 0.1, 0.1, 0, 0, 0, 0, 0, 0, 0, 0, 0, 0, 0, 0, 0, 0, 1),
(9, '大豆', NULL, '50.0', 85, 354, 25.6, 49, 10.1, 0, 0, 0, 84.7, 85, 35, 6.3, 1.9, 5.5, 5.2, 2.5, 0.7, 22, 130, 72, 37, 84, 1.2, 0.7, 0.13, 0.33, 2, 1, 1, 23, 0, 0, 0, 0, 0, 0, 0, 0.3, 0.1, 3, 1.5, 86, 0.04, 0.06, 0.2, 0.05, 0, 19, 0.44, 2, 0, 0.94, 1.12, 2.92, 0, 0.4, 1.2, 1.5, 0.1, 0, 0, 0, 0, 0, 0, 0, 0, 0, 0, 4.98, 0.94, 1.12, 2.92, 0.39, 2.53, 0, 0, 0, 0, 0, 0, 0, 6, 0, 0, 599, 0, 6, 0, 291, 22, 19, 0, 0, 0, 0, 5, 3, 1101, 10, 0, 0, 0, 0, 0, 0, 0, 2525, 0, 391, 0, 0, 0, 0, 0, 0, 0, 0, 0, 0, 0, 0, 0, 0, 0, 0, 0, 0, 0, 1.9, 102, 178, 143, 30, 31, 62, 118, 88, 208, 85, 30, 108, 61, 155, 92, 253, 425, 92, 120, 110, 2210, 51, 0, 0, 0.4, 0.9, 0.2, 0.2, 0, 0, 0.2, 0, 0, 0.1, 0, 0, 0, 0, 0, 0, 0, 0, 0, 1),
(10, '汁', NULL, '50.0', 8, 32, 2, 2.2, 3.5, 0, 0, 0, 7.7, 8, 47.8, 0.5, 0.4, 0.2, 0.2, 0.9, 0.6, 196, 15.2, 4, 3, 6.8, 0.2, 0, 0, 0, 0, 0.4, 0.1, 2.3, 0, 0, 0, 0, 0, 0, 0, 0, 0, 0.2, 0.1, 0.4, 0, 0, 0.1, 0, 0, 2.7, 0, 0.5, 0, 0, 0, 0.1, 0, 0, 0.2, 0.2, 0.5, 0, 0, 0, 0, 0, 0, 0, 0, 0, 0, 0.2, 0, 0, 0.1, 0, 0.1, 0, 0, 0, 0, 0, 0, 0, 0.3, 0, 0, 27.2, 0, 0.3, 0, 9.2, 0.6, 0.9, 0, 0, 0, 0, 0.2, 0, 44, 0.4, 0, 0, 0, 0, 0, 0, 0, 120, 0, 23.2, 0, 0, 0, 0, 0, 0, 0, 0, 0, 0, 0, 0, 0, 0, 0, 0, 0, 0, 0, 0.4, 24.8, 40, 29.6, 5.2, 8, 13.2, 26.8, 18.8, 44, 20, 5.6, 27.6, 14.4, 36.4, 23.2, 60, 88, 22, 28.8, 24.8, 520, 11.2, 0, 0, 0, 0, 0, 0, 0, 0, 0, 0, 0, 0, 0, 0, 0, 0, 0, 0, 0, 0, 0, 1),
(11, '緑黄色野菜', NULL, '50.0', 15, 65, 2.4, 2, 11.1, 0, 0, 0, 15.5, 15, 45.4, 0.9, 0.1, 0.2, 0.2, 3, 0.4, 5, 141, 33, 9, 21, 0.4, 0.1, 0.03, 0.13, 0, 0, 0, 0, 0, 88, 1263, 11, 1310, 109, 0, 0.9, 0, 0.2, 0, 72, 0.03, 0.04, 0.3, 0.05, 0, 41, 0.15, 0.3, 14, 0.02, 0.06, 0.07, 0, 0.3, 1.1, 1.5, 0, 0, 0, 0, 0, 0, 0, 0, 0, 0, 0, 0.17, 0.02, 0.06, 0.08, 0.02, 0.06, 0, 0, 0, 0, 0, 0, 0, 0, 0, 0, 17, 0, 0, 0, 5, 1, 1, 0, 0, 0, 0, 1, 0, 55, 1, 0, 0, 0, 1, 0, 0, 0, 59, 0, 22, 0, 0, 0, 0, 0, 0, 0, 0, 0, 0, 0, 0, 0, 0, 0, 0, 0, 0, 0, 0.1, 3, 6, 4, 1, 1, 2, 4, 3, 6, 3, 1, 4, 2, 4, 4, 9, 15, 4, 3, 3, 73, 3, 1, 0, 1.5, 1.2, 0.1, 1.3, 0.5, 0.5, 0.3, 0, 0, 0, 0, 0, 0, 0, 0, 0, 0, 0, 0, 1),
(12, '淡色野菜', NULL, '50.0', 15, 64, 2.3, 2.3, 10.7, 0, 0, 0, 15.3, 15, 45.8, 0.7, 0, 0.3, 0.2, 2.9, 0.3, 3, 101, 13, 8, 18, 0.2, 0.1, 0.03, 0.29, 0, 0, 0, 0, 0, 3, 30, 1, 31, 3, 0, 0.1, 0, 0.2, 0, 7, 0.02, 0.02, 0.2, 0.04, 0, 24, 0.12, 0.2, 8, 0.03, 0.08, 0.1, 0, 0.3, 0.9, 1.1, 0, 0, 0, 0, 0, 0, 0, 0, 0, 0, 0, 0.23, 0.04, 0.08, 0.11, 0.03, 0.09, 0, 0, 0, 0, 0, 0, 0, 0, 0, 0, 27, 0, 0, 0, 7, 1, 1, 0, 0, 0, 0, 0, 0, 76, 1, 0, 0, 0, 0, 0, 0, 0, 87, 0, 27, 0, 0, 0, 0, 0, 0, 0, 0, 0, 0, 0, 0, 0, 0, 0, 0, 0, 0, 0, 0, 2, 3, 3, 1, 1, 1, 2, 2, 4, 2, 1, 3, 1, 2, 3, 8, 14, 2, 2, 3, 54, 4, 1, 0, 1.1, 0.7, 0.1, 0.9, 0.4, 0.4, 0.1, 0, 0, 0.1, 0, 0, 0, 0, 0, 0, 0, 0, 0, 1),
(13, '海藻類', NULL, '50.0', 35, 145, 14.6, 3.1, 17.1, 0, 0, 0, 34.8, 35, 30.8, 7.3, 0.1, 0.7, 0.4, 8.6, 2.6, 517, 460, 71, 72, 128, 1.8, 0.7, 0.11, 0.52, 398, 1, 1, 19, 0, 808, 4629, 182, 5045, 427, 0, 0.7, 0, 0, 0, 114, 0.12, 0.4, 2, 0.09, 9.7, 297, 0.23, 4.4, 34, 0.09, 0.03, 0.24, 4, 0, 0, 6.4, 1.3, 0, 0, 0, 0, 0, 0, 0, 0, 0, 0, 0.41, 0.1, 0.04, 0.26, 0.22, 0.04, 0, 0, 0, 0, 4, 0, 0, 2, 0, 0, 88, 0, 0, 0, 3, 1, 0, 0, 0, 0, 0, 10, 0, 16, 10, 3, 1, 0, 0, 0, 0, 0, 9, 0, 5, 1, 10, 3, 7, 3, 23, 202, 0, 0, 0, 1, 0, 0, 10, 0, 0, 0, 0, 0, 0.1, 7, 12, 8, 3, 2, 5, 7, 3, 11, 6, 2, 9, 3, 7, 10, 13, 15, 8, 6, 6, 125, 3, 0, 0, 0, 0, 0, 0, 0, 0, 0, 0, 0, 0, 0, 0, 0, 0, 0, 0, 0, 0, 0, 1),
(14, 'きのこ類', NULL, '50.0', 10, 43, 2.7, 0.7, 6.9, 0, 0, 0, 10.3, 10, 44.8, 1.3, 0, 0.2, 0.1, 3.5, 0.3, 2, 114, 3, 6, 37, 0.3, 0.3, 0.06, 0.08, 0, 0, 0, 0, 0, 0, 0, 0, 0, 0, 3.1, 0, 0, 0, 0, 0, 0.06, 0.09, 1.8, 0.03, 0, 17, 0.58, 0.6, 0, 0.02, 0.01, 0.04, 0, 0.2, 2.1, 2.2, 0, 0, 0, 0, 0, 0, 0, 0, 0, 0, 0, 0.06, 0.02, 0.01, 0.04, 0, 0.04, 0, 0, 0, 0, 0, 0, 0, 0, 1, 0, 11, 0, 0, 0, 2, 0, 0, 0, 0, 0, 0, 1, 0, 11, 0, 0, 0, 0, 0, 0, 0, 0, 42, 0, 1, 0, 0, 0, 0, 0, 0, 0, 0, 0, 0, 0, 0, 0, 0, 0, 0, 0, 0, 0, 0, 0, 0, 0, 0, 0, 0, 0, 0, 0, 0, 0, 0, 0, 0, 0, 0, 0, 0, 0, 0, 0, 0, 0, 0, 1.2, 2, 0.5, 0.8, 0.3, 0.3, 0.2, 0, 0, 0, 0, 0, 0, 0, 0, 0, 0, 0, 0, 1),
(15, 'いも類（副菜）', NULL, '50.0', 115, 480, 3.1, 35.4, 76, 0, 0, 16.6, 114.5, 115, 25.7, 0.9, 0, 3.9, 3.8, 19, 0.5, 2, 255, 13, 13, 21, 0.3, 0.1, 0.08, 0.16, 0, 0, 0, 1, 0, 0, 7, 0, 7, 1, 0, 1, 0, 2.2, 0.4, 7, 0.05, 0.02, 0.5, 0.14, 0, 20, 0.4, 0.6, 14, 0.44, 1.57, 1.59, 0, 0.4, 1, 1.4, 0, 0, 0, 4.3, 0, 0, 0, 0, 0, 0, 0, 3.6, 0.44, 1.57, 1.59, 0.27, 1.33, 0, 0, 0, 0, 1, 2, 0, 3, 1, 0, 284, 0, 0, 0, 115, 19, 13, 5, 0, 0, 0, 6, 0, 1525, 25, 3, 3, 0, 0, 0, 0, 0, 1333, 0, 267, 0, 0, 0, 0, 0, 0, 0, 0, 0, 0, 0, 0, 0, 0, 0, 0, 0, 0, 0, 0, 7, 11, 8, 3, 3, 6, 10, 4, 14, 10, 2, 10, 4, 6, 10, 35, 19, 8, 7, 10, 163, 4, 0, 0, 14.1, 0.9, 8.4, 5.8, 0.2, 0.2, 5.4, 0, 0, 0, 0, 0, 0, 0, 0, 0, 0, 0, 0, 1),
(16, '乳類', NULL, '50.0', 41, 172, 10.2, 17.5, 13.5, 0, 0, 0, 41.1, 41, 41.7, 2.5, 1.1, 1.9, 1.8, 3.4, 0.5, 58, 75, 74, 7, 69, 0, 0.3, 0.01, 0, 7, 1, 0, 2, 19, 0, 1, 0, 9, 19, 0, 0.1, 0, 0, 0, 1, 0.02, 0.08, 0.1, 0.01, 0.2, 4, 0.24, 1, 0, 1.17, 0.47, 0.05, 7, 0, 0, 0, 0.2, 0, 0, 0, 0, 0, 0, 0, 0, 0, 0, 1.71, 1.17, 0.47, 0.05, 0.01, 0.04, 63, 40, 0, 23, 50, 56, 1, 185, 20, 10, 494, 4, 11, 9, 199, 3, 1, 0, 5, 18, 0, 28, 8, 405, 4, 0, 0, 0, 0, 0, 0, 0, 39, 0, 9, 0, 0, 0, 1, 0, 2, 0, 0, 0, 0, 1, 0, 0, 15, 0, 0, 0, 0, 0, 1.1, 67, 127, 105, 32, 9, 41, 64, 66, 130, 49, 16, 86, 38, 44, 41, 97, 269, 25, 136, 61, 1313, 29, 0, 0, 1.6, 0, 0, 1.6, 0, 0, 0, 0, 1.6, 0, 0, 0, 0, 0, 0, 0, 0, 0, 0, 1),
(17, '果実類', NULL, '50.0', 24, 101, 1.2, 0.5, 22.5, 0, 0, 0, 24.2, 24, 43.1, 0.4, 0.1, 0.1, 0, 6.3, 0.2, 1, 95, 6, 5, 9, 0.1, 0.1, 0.03, 0.07, 0, 0, 0, 1, 0, 2, 45, 120, 106, 9, 0, 0.2, 0, 0, 0, 0, 0.03, 0.01, 0.2, 0.04, 0, 11, 0.12, 0.3, 16, 0, 0, 0, 0, 0.2, 0.4, 0.6, 0, 0, 0, 0, 0, 0, 0, 0, 0, 0, 0, 0.03, 0.01, 0.01, 0.01, 0.01, 0.01, 0, 0, 0, 0, 0, 0, 0, 0, 0, 0, 5, 0, 0, 0, 1, 0, 0, 0, 0, 0, 0, 1, 0, 9, 0, 0, 0, 0, 0, 0, 0, 0, 6, 0, 6, 0, 0, 0, 0, 0, 0, 0, 0, 0, 0, 0, 0, 0, 0, 0, 0, 0, 0, 0, 0.1, 6, 9, 8, 2, 4, 6, 6, 3, 8, 6, 2, 7, 5, 12, 11, 38, 26, 7, 12, 8, 172, 6, 0, 0, 5.3, 0.5, 0.1, 5.2, 1.4, 1.8, 2, 0, 0, 0, 0, 0, 0, 0, 0.1, 0, 0, 0, 0, 1),
(18, '菓子（水分少、脂質多）', NULL, '50.0', 242, 1013, 14.5, 91.4, 136.3, 0, 0, 42.8, 242.1, 242, 1.4, 3.6, 0.1, 10.2, 9.6, 34.1, 0.8, 139, 134, 41, 17, 56, 0.5, 0.3, 0.09, 0.18, 6, 1, 1, 2, 9, 0, 9, 2, 10, 10, 0.1, 1.2, 0.1, 1.6, 0.4, 3, 0.06, 0.05, 0.8, 0.05, 0, 11, 0.34, 0.4, 1, 3.5, 3.85, 1.81, 6, 0.4, 0.7, 1.1, 0.4, 0, 0, 11.1, 0, 0, 0, 0, 0, 0.1, 0, 9.21, 3.5, 3.85, 1.81, 0.17, 1.64, 22, 9, 0, 21, 28, 119, 0, 149, 12, 3, 2066, 1, 19, 3, 941, 55, 37, 20, 1, 7, 0, 40, 6, 3734, 40, 4, 2, 0, 0, 0, 0, 0, 1635, 0, 169, 0, 1, 2, 0, 0, 1, 0, 0, 0, 0, 0, 0, 0, 47, 0, 124, 0, 0, 0, 0.1, 60, 122, 44, 30, 40, 70, 83, 51, 133, 49, 19, 74, 38, 74, 59, 102, 486, 60, 166, 77, 1643, 60, 0, 0, 31.7, 1.1, 18.4, 13.4, 0.1, 0, 12.4, 0, 0.6, 0, 0, 0, 0, 0, 0, 0, 0, 0, 0, 1),
(19, '菓子（水分少、脂質少）', NULL, '50.0', 192, 805, 8.4, 6.2, 177.8, 0, 0, 86, 192.4, 192, 2.4, 2.1, 0, 0.7, 0.6, 44.5, 0.4, 87, 40, 8, 7, 27, 0.3, 0.3, 0.05, 0.08, 3, 0, 0, 4, 3, 0, 11, 0, 11, 3, 0, 0.1, 0, 0.1, 0.1, 1, 0.02, 0.02, 0.2, 0.02, 0, 4, 0.12, 0.2, 0, 0.16, 0.15, 0.25, 7, 0.1, 0.5, 0.6, 0.2, 0, 0, 22.2, 0, 0, 0, 0, 0, 0, 0, 0.57, 0.16, 0.15, 0.25, 0.02, 0.23, 0, 0, 0, 0, 0, 0, 0, 3, 0, 0, 132, 0, 1, 0, 24, 1, 1, 1, 0, 0, 0, 3, 0, 148, 2, 0, 0, 0, 0, 0, 0, 0, 227, 0, 22, 0, 0, 0, 0, 0, 2, 0, 0, 0, 0, 0, 0, 2, 0, 0, 0, 0, 0, 0, 0, 25, 46, 24, 14, 16, 30, 32, 21, 53, 22, 8, 31, 15, 30, 24, 40, 169, 22, 56, 35, 631, 20, 0, 0, 40.3, 0.5, 15.7, 24.5, 0.1, 0, 24.4, 0, 0, 0, 0, 0, 0, 0, 0, 0, 0, 0, 0, 1),
(20, '菓子（水分多、脂質多）', NULL, '50.0', 130, 546, 11.8, 46.7, 71.8, 0, 0, 22.9, 130.3, 130, 23.5, 2.9, 0, 5.2, 4.6, 18, 0.5, 86, 64, 30, 6, 46, 0.3, 0.3, 0.03, 0.05, 1, 1, 0, 0, 29, 5, 15, 2, 20, 31, 0.2, 0.4, 0, 0.8, 0.2, 3, 0.03, 0.07, 0.2, 0.02, 0.1, 8, 0.27, 0.4, 0, 1.87, 1.71, 0.84, 32, 0.2, 0.3, 0.5, 0.2, 0, 0, 5.9, 0, 0, 0, 0, 0, 0.1, 0, 4.56, 1.91, 1.76, 0.87, 0.08, 0.79, 44, 29, 0, 30, 45, 129, 0, 179, 15, 6, 1009, 3, 12, 6, 383, 13, 7, 3, 3, 11, 0, 38, 6, 1690, 12, 0, 0, 0, 0, 0, 0, 0, 773, 0, 69, 1, 1, 2, 3, 0, 13, 0, 0, 0, 1, 1, 1, 7, 18, 0, 81, 0, 4, 0, 0, 12, 21, 14, 6, 6, 12, 14, 9, 23, 10, 3, 14, 6, 12, 11, 19, 63, 8, 23, 15, 268, 7, 0, 0, 14.6, 0.5, 7.8, 6.8, 0.1, 0.1, 6, 0, 0.4, 0, 0, 0, 0, 0, 0, 0, 0, 0, 0, 1),
(21, '菓子（水分多、脂質少）', NULL, '50.0', 132, 551, 7.9, 4.9, 118.9, 0, 0, 72.1, 131.7, 132, 17.6, 2, 0, 0.5, 0.4, 29.7, 0.2, 23, 29, 7, 7, 24, 0.4, 0.2, 0.05, 0.02, 0, 0, 0, 1, 2, 0, 2, 0, 3, 2, 0, 0, 0, 0.2, 0.4, 1, 0.01, 0.02, 0.1, 0.01, 0, 2, 0.08, 0.1, 0, 0.11, 0.13, 0.14, 6, 0.1, 0.9, 1.1, 0.1, 0, 0, 18.6, 0, 0, 0, 0, 0, 0, 0, 0.4, 0.12, 0.13, 0.15, 0.02, 0.13, 0, 0, 0, 0, 0, 0, 0, 2, 0, 0, 89, 0, 1, 0, 22, 1, 1, 0, 0, 0, 0, 4, 0, 128, 1, 0, 0, 0, 0, 0, 0, 0, 125, 0, 18, 0, 0, 0, 0, 0, 2, 0, 0, 0, 0, 0, 0, 2, 2, 0, 5, 0, 0, 0, 0, 4, 7, 6, 2, 2, 4, 4, 3, 8, 4, 1, 5, 2, 7, 7, 8, 17, 10, 9, 6, 109, 2, 0, 4, 28.6, 1.1, 7.9, 20.5, 0, 0, 20.4, 0, 0, 0, 0, 0, 0, 0, 0, 0, 0, 0, 0, 1),
(22, '水、白湯', NULL, '50.0', 0, 0, 0, 0, 0, 0, 0, 0, 0, 0, 25, 0, 0, 0, 0, 0, 0, 0.7, 0.1, 1, 0.2, 0, 0, 0, 0, 0, 0, 0, 0, 0, 0, 0, 0, 0, 0, 0, 0, 0, 0, 0, 0, 0, 0, 0, 0, 0, 0, 0, 0, 0, 0, 0, 0, 0, 0, 0, 0, 0, 0, 0, 0, 0, 0, 0, 0, 0, 0, 0, 0, 0, 0, 0, 0, 0, 0, 0, 0, 0, 0, 0, 0, 0, 0, 0, 0, 0, 0, 0, 0, 0, 0, 0, 0, 0, 0, 0, 0, 0, 0, 0, 0, 0, 0, 0, 0, 0, 0, 0, 0, 0, 0, 0, 0, 0, 0, 0, 0, 0, 0, 0, 0, 0, 0, 0, 0, 0, 0, 0, 0, 0, 0, 0, 0, 0, 0, 0, 0, 0, 0, 0, 0, 0, 0, 0, 0, 0, 0, 0, 0, 0, 0, 0, 0, 0, 0, 0, 0, 0, 0, 0, 0, 0, 0, 0, 0, 0, 0, 0, 0, 0, 0, 0, 0, 1),
(23, '茶類', NULL, '50.0', 1, 2, 0.2, 0, 0.4, 0, 0, 0, 0.6, 1, 49.8, 0, 0, 0, 0, 0.1, 0.1, 1, 12, 1, 1, 1, 0, 0, 0, 0.1, 0, 0, 0, 0, 0, 0, 0, 0, 0, 0, 0, 0, 0, 0, 0, 1, 0, 0.01, 0.1, 0, 0, 3, 0, 0.2, 1, 0, 0, 0, 0, 0, 0, 0, 0, 0, 0, 0, 0, 0, 0, 0, 0, 0, 0, 0, 0, 0, 0, 0, 0, 0, 0, 0, 0, 0, 0, 0, 0, 0, 0, 1, 0, 0, 0, 0, 0, 0, 0, 0, 0, 0, 0, 0, 0, 0, 0, 0, 0, 0, 0, 0, 0, 1, 0, 0, 0, 0, 0, 0, 0, 0, 0, 0, 0, 0, 0, 0, 0, 0, 0, 0, 0, 0, 0, 0, 0, 0, 0, 0, 0, 0, 0, 0, 0, 0, 0, 0, 0, 0, 0, 0, 0, 0, 0, 0, 0, 0, 0, 0, 0, 0, 0, 0, 0, 0, 0, 0, 0, 0, 0, 0, 0, 0, 0, 0, 0, 0, 0, 1),
(24, 'ジュース類', NULL, '50.0', 25, 104, 1.6, 0.1, 22.9, 0, 0.4, 7.3, 24.9, 25, 43.7, 0.4, 0, 0, 0, 5.8, 0.1, 2, 25, 2, 2, 3, 0, 0, 0, 0.01, 0, 0, 0, 0, 0, 1, 1, 4, 4, 0, 0, 0, 0, 0, 0, 0, 0.01, 0, 0.1, 0.01, 0, 3, 0.02, 0, 4, 0, 0, 0, 0, 0, 0, 0, 0, 0, 0.1, 1.9, 0, 0, 0, 0, 0, 0, 0, 0.01, 0, 0, 0, 0, 0, 0, 0, 0, 0, 0, 0, 0, 0, 0, 0, 2, 0, 0, 0, 0, 0, 0, 0, 0, 0, 0, 0, 0, 3, 0, 0, 0, 0, 0, 0, 0, 0, 2, 0, 2, 0, 0, 0, 0, 0, 0, 0, 0, 0, 0, 0, 0, 0, 0, 0, 0, 0, 0, 0, 0, 1, 3, 4, 1, 0, 1, 2, 0, 2, 2, 0, 3, 1, 9, 10, 6, 11, 26, 14, 3, 111, 0, 0, 13, 4, 0, 0, 4, 0.6, 0.6, 2.8, 0, 0, 0, 0, 0, 0, 0, 0, 0, 0, 0, 0, 1),
(25, '酒（ビール）', NULL, '50.0', 20, 84, 1.2, 0, 12.4, 0, 26.3, 0, 39.9, 40, 46.4, 0.2, 0, 0, 0, 1.6, 0.1, 2, 17, 2, 4, 8, 0, 0, 0, 0.01, 1, 0, 0, 0, 0, 0, 0, 0, 0, 0, 0, 0, 0, 0, 0, 0, 0, 0.01, 0.4, 0.03, 0.1, 4, 0.04, 0.5, 0, 0, 0, 0, 0, 0, 0, 0, 0, 0, 1.9, 0, 0, 0, 0, 0, 0, 0, 0, 0, 0, 0, 0, 0, 0, 0, 0, 0, 0, 0, 0, 0, 0, 0, 0, 0, 0, 0, 0, 0, 0, 0, 0, 0, 0, 0, 0, 0, 0, 0, 0, 0, 0, 0, 0, 0, 0, 0, 0, 0, 0, 0, 0, 0, 0, 0, 0, 0, 0, 0, 0, 0, 0, 0, 0, 0, 0, 0, 0, 0, 0, 0, 0, 0, 0, 0, 0, 0, 0, 0, 0, 0, 0, 0, 0, 0, 0, 0, 0, 0, 0, 0, 0, 0, 1.6, 0, 0, 1.6, 0.7, 0, 0, 0.9, 0, 0, 0, 0, 0, 0, 0, 0, 0, 0, 0, 1),
(26, '酒（日本酒）', NULL, '50.0', 55, 228, 1.6, 0, 19.6, 0, 87.3, 0, 108.5, 109, 41.2, 0.2, 0, 0, 0, 2.5, 0, 1, 3, 2, 1, 4, 0, 0.1, 0, 0.08, 1, 0, 0, 1, 0, 0, 0, 0, 0, 0, 0, 0, 0, 0, 0, 0, 0, 0, 0, 0.04, 0, 0, 0, 0, 0, 0, 0, 0, 0, 0, 0, 0, 0, 0, 6.2, 0, 0, 0, 0, 0, 0, 0, 0, 0, 0, 0, 0, 0, 0, 0, 0, 0, 0, 0, 0, 0, 0, 0, 0, 0, 0, 0, 0, 0, 0, 0, 0, 0, 0, 0, 0, 0, 0, 0, 0, 0, 0, 0, 0, 0, 0, 0, 0, 0, 0, 0, 0, 0, 0, 0, 0, 0, 0, 0, 0, 0, 0, 0, 0, 0, 0, 0, 0, 0, 0, 0, 0, 0, 0, 0, 0, 0, 0, 0, 0, 0, 0, 0, 0, 0, 0, 0, 0, 0, 0, 0, 0, 0, 0, 0, 0, 0, 0, 0, 0, 0, 0, 0, 0, 0, 0, 0, 0, 0, 0, 0, 0, 1),
(27, '酒（ワイン）', NULL, '50.0', 37, 153, 1.2, 0, 14, 0, 130.6, 0, 145.8, 146, 44.3, 0.1, 0, 0, 0, 0.9, 0.1, 1, 43, 4, 4, 6, 0.2, 0, 0.01, 0.06, 0, 0, 1, 0, 0, 0, 0, 0, 0, 0, 0, 0, 0, 0, 0, 0, 0, 0, 0.1, 0.01, 0, 0, 0.04, 0.5, 0, 0, 0, 0, 0, 0, 0, 0, 0, 0, 4.6, 0, 0, 0, 0, 0, 0, 0, 0, 0, 0, 0, 0, 0, 0, 0, 0, 0, 0, 0, 0, 0, 0, 0, 0, 0, 0, 0, 0, 0, 0, 0, 0, 0, 0, 0, 0, 0, 0, 0, 0, 0, 0, 0, 0, 0, 0, 0, 0, 0, 0, 0, 0, 0, 0, 0, 0, 0, 0, 0, 0, 0, 0, 0, 0, 0, 0, 0, 0, 0, 0, 0, 0, 0, 0, 0, 0, 0, 0, 0, 0, 0, 0, 0, 0, 0, 0, 0, 0, 0, 0, 0, 0, 0, 0.9, 0, 0, 0.9, 0.4, 0.5, 0, 0, 0, 0, 0, 0, 0, 0, 0, 0, 0, 0, 0, 1),
(28, '酒（焼酎、ウィスキー、ブランデー）', NULL, '50.0', 108, 453, 0, 0, 0, 0, 825.7, 0, 825.7, 826, 34.7, 0, 0, 0, 0, 0, 0, 1, 0, 0, 0, 0, 0, 0, 0.01, 0, 0, 0, 0, 0, 0, 0, 0, 0, 0, 0, 0, 0, 0, 0, 0, 0, 0, 0, 0, 0, 0, 0, 0, 0, 0, 0, 0, 0, 0, 0, 0, 0, 0, 0, 15.3, 0, 0, 0, 0, 0, 0, 0, 0, 0, 0, 0, 0, 0, 0, 0, 0, 0, 0, 0, 0, 0, 0, 0, 0, 0, 0, 0, 0, 0, 0, 0, 0, 0, 0, 0, 0, 0, 0, 0, 0, 0, 0, 0, 0, 0, 0, 0, 0, 0, 0, 0, 0, 0, 0, 0, 0, 0, 0, 0, 0, 0, 0, 0, 0, 0, 0, 0, 0, 0, 0, 0, 0, 0, 0, 0, 0, 0, 0, 0, 0, 0, 0, 0, 0, 0, 0, 0, 0, 0, 0, 0, 0, 0, 0, 0, 0, 0, 0, 0, 0, 0, 0, 0, 0, 0, 0, 0, 0, 0, 0, 0, 0, 1),
(29, '脂質摂取量', NULL, '100.0', 903, 3779, 0.3, 903.1, 0.1, 0, 0, 0, 903.4, 903, 1.6, 0.1, 0, 98.1, 95.1, 0, 0.2, 75, 3, 2, 0, 2, 0, 0, 0, 0, 0, 0, 0, 0, 50, 0, 18, 1, 32, 53, 0.1, 14.6, 0.6, 31.7, 3.8, 64, 0, 0, 0, 0, 0, 0, 0.01, 0, 0, 17.19, 41.14, 32.57, 22, 0, 0, 0, 0.2, 0, 0, 0, 0, 0, 0, 0, 0, 0, 0, 90.9, 17.19, 41.31, 33.29, 2.41, 30.16, 270, 170, 0, 96, 210, 260, 0, 946, 103, 36, 10990, 19, 32, 33, 3250, 426, 205, 134, 20, 69, 0, 316, 18, 40300, 369, 21, 48, 0, 0, 0, 0, 0, 30230, 0, 2410, 0, 0, 0, 8, 0, 11, 0, 0, 0, 0, 0, 0, 0, 0, 0, 0, 0, 0, 0, 0, 0, 0, 0, 0, 0, 0, 0, 0, 0, 0, 0, 0, 0, 0, 0, 0, 0, 0, 0, 0, 0, 0, 0, 0, 0, 0, 0, 0, 0, 0, 0, 0, 0, 0, 0, 0, 0, 0, 0, 0, 0, 0, 0, 0),
(30, '塩分摂取量', NULL, '100.0', 0, 0, 0, 0, 0, 0, 0, 0, 0, 0, 0.1, 0, 0, 0, 0, 0, 99.9, 39000, 100, 22, 18, 0, 0, 0, 0.01, 0, 1, 1, 0, 0, 0, 0, 0, 0, 0, 0, 0, 0, 0, 0, 0, 0, 0, 0, 0, 0, 0, 0, 0, 0, 0, 0, 0, 0, 0, 0, 0, 0, 99.1, 0, 0, 0, 0, 0, 0, 0, 0, 0, 0, 0, 0, 0, 0, 0, 0, 0, 0, 0, 0, 0, 0, 0, 0, 0, 0, 0, 0, 0, 0, 0, 0, 0, 0, 0, 0, 0, 0, 0, 0, 0, 0, 0, 0, 0, 0, 0, 0, 0, 0, 0, 0, 0, 0, 0, 0, 0, 0, 0, 0, 0, 0, 0, 0, 0, 0, 0, 0, 0, 0, 0, 0, 0, 0, 0, 0, 0, 0, 0, 0, 0, 0, 0, 0, 0, 0, 0, 0, 0, 0, 0, 0, 0, 0, 0, 0, 0, 0, 0, 0, 0, 0, 0, 0, 0, 0, 0, 0, 0, 0, 0, 0, 0, 0, 0);

-- --------------------------------------------------------

--
-- テーブルの構造 `m_layer`
--

CREATE TABLE IF NOT EXISTS `m_layer` (
  `layer_id` int(11) NOT NULL,
  `section_id` int(11) NOT NULL,
  `layer_type` enum('union','multiple') DEFAULT 'union',
  `annotation` varchar(300) DEFAULT NULL,
  `annotation_US` varchar(300) DEFAULT NULL,
  `annotation_CN` varchar(300) DEFAULT NULL,
  `annotation_KR` varchar(300) DEFAULT NULL,
  `help_title` varchar(45) DEFAULT NULL COMMENT 'ポップアップ表示注釈タイトル',
  `help_text` varchar(255) DEFAULT NULL COMMENT 'ポップアップ表示注釈本文',
  `order_in_section` int(11) DEFAULT NULL,
  `choice_width_type` enum('full','half','third','quarter') DEFAULT NULL COMMENT 'CSS用 選択肢の幅',
  PRIMARY KEY (`layer_id`,`section_id`)
) ENGINE=InnoDB DEFAULT CHARSET=utf8;

--
-- テーブルのデータのダンプ `m_layer`
--

INSERT INTO `m_layer` (`layer_id`, `section_id`, `layer_type`, `annotation`, `annotation_US`, `annotation_CN`, `annotation_KR`, `help_title`, `help_text`, `order_in_section`, `choice_width_type`) VALUES
(101, 2001, 'union', 'お名前を入力してください。', '', '', '', '', '', 1, NULL),
(102, 2002, 'union', '(例)1962年8月10日', '', '', '', '', '', 1, NULL),
(103, 2003, 'union', '性別を選択してください。', '', '', '', '', '', 1, NULL),
(104, 2004, 'union', '次の3つから現在のあなたの状態を選択してください。', '', '', '', '', '', 1, NULL),
(105, 2005, 'union', '次の業種から当てはまるものを１つだけ選択してください。', '', '', '', '', '', 1, 'half'),
(106, 2005, 'union', '次の職種から当てはまるものを１つだけ選択してください。', '', '', '', '', '', 2, 'quarter'),
(107, 2005, 'union', '次の職種から当てはまるものを１つだけ選択してください。', '', '', '', '', '', 3, 'quarter'),
(108, 2005, 'union', '次の職種から当てはまるものを１つだけ選択してください。', '', '', '', '', '', 4, 'quarter'),
(109, 2005, 'union', '次の職種から当てはまるものを１つだけ選択してください。', '', '', '', '', '', 5, 'quarter'),
(110, 2005, 'union', '次の職種から当てはまるものを１つだけ選択してください。', '', '', '', '', '', 6, 'quarter'),
(111, 2005, 'union', '次の職種から当てはまるものを１つだけ選択してください。', '', '', '', '', '', 7, 'quarter'),
(112, 2005, 'union', '次の職種から当てはまるものを１つだけ選択してください。', '', '', '', '', '', 8, 'quarter'),
(113, 2005, 'union', '次の職種から当てはまるものを１つだけ選択してください。', '', '', '', '', '', 9, 'quarter'),
(114, 2005, 'union', '次の職種から当てはまるものを１つだけ選択してください。', '', '', '', '', '', 10, 'quarter'),
(115, 2005, 'union', '次の職種から当てはまるものを１つだけ選択してください。', '', '', '', '', '', 11, 'quarter'),
(116, 2005, 'union', '次の職種から当てはまるものを１つだけ選択してください。', '', '', '', '', '', 12, 'quarter'),
(117, 2005, 'union', '次の職種から当てはまるものを１つだけ選択してください。', '', '', '', '', '', 13, 'quarter'),
(118, 2006, 'union', 'ポイントをスライドさせるか、＋ボタン－ボタンを使って数値を変更することができます。', '', '', '', '', '', 1, NULL),
(119, 2007, 'union', 'ポイントをスライドさせるか、＋ボタン－ボタンを使って数値を変更することができます。', '', '', '', '', '', 1, NULL),
(120, 2008, 'union', 'ポイントをスライドさせるか、＋ボタン－ボタンを使って数値を変更することができます。', '', '', '', '', '', 1, NULL),
(121, 2009, 'union', 'ポイントをスライドさせるか、＋ボタン－ボタンを使って数値を変更することができます。', '', '', '', '', '', 1, NULL),
(122, 2010, 'union', 'ポイントをスライドさせるか、＋ボタン－ボタンを使って数値を変更することができます。', '', '', '', '', '', 1, NULL),
(123, 2011, 'union', 'ポイントをスライドさせるか、＋ボタン－ボタンを使って数値を変更することができます。', '', '', '', '', '', 1, NULL),
(124, 2012, 'union', 'ポイントをスライドさせるか、＋ボタン－ボタンを使って数値を変更することができます。', '', '', '', '', '', 1, NULL),
(125, 2013, 'union', 'ポイントをスライドさせるか、＋ボタン－ボタンを使って数値を変更することができます。', '', '', '', '', '', 1, NULL),
(126, 2014, 'multiple', '次の選択肢から当てはまるものを全て選択してください。', '', '', '', '', '', 1, 'third'),
(127, 2014, 'union', 'その他詳細', '', '', '', '', '', 2, NULL),
(128, 2015, 'multiple', '', '', '', '', '', '', 2, 'third'),
(129, 2015, 'multiple', '', '', '', '', '', '', 3, 'third'),
(130, 2015, 'multiple', '', '', '', '', '', '', 4, 'third'),
(131, 2015, 'multiple', '', '', '', '', '', '', 5, 'third'),
(132, 2015, 'multiple', '', '', '', '', '', '', 6, 'third'),
(133, 2015, 'multiple', '', '', '', '', '', '', 7, 'third'),
(134, 2015, 'multiple', '', '', '', '', '', '', 8, 'third'),
(135, 2015, 'multiple', '', '', '', '', '', '', 9, 'third'),
(136, 2015, 'multiple', '', '', '', '', '', '', 10, 'third'),
(137, 2015, 'multiple', '', '', '', '', '', '', 11, 'third'),
(138, 2015, 'multiple', '', '', '', '', '', '', 12, 'third'),
(139, 2015, 'multiple', '', '', '', '', '', '', 13, 'third'),
(140, 2015, 'multiple', '', '', '', '', '', '', 14, 'third'),
(141, 2015, 'multiple', '', '', '', '', '', '', 15, 'third'),
(142, 2015, 'multiple', '', '', '', '', '', '', 16, 'third'),
(143, 2015, 'multiple', '', '', '', '', '', '', 17, 'third'),
(144, 2015, 'multiple', '', '', '', '', '', '', 18, 'third'),
(145, 2015, 'multiple', '', '', '', '', '', '', 19, 'third'),
(146, 2015, 'multiple', '', '', '', '', '', '', 20, 'third'),
(147, 2015, 'multiple', '', '', '', '', '', '', 21, 'third'),
(148, 2015, 'multiple', '', '', '', '', '', '', 22, 'third'),
(150, 2016, 'union', '次の選択肢から当てはまるものを１つだけ選択してください。', '', '', '', '', '', 1, 'full'),
(151, 2017, 'union', '次の選択肢から当てはまるものを１つだけ選択してください。', '', '', '', '', '', 1, NULL),
(152, 2018, 'multiple', '次の選択肢から当てはまるものを全て選択してください。', '', '', '', '', '', 1, 'third'),
(153, 2019, 'union', '次の選択肢から当てはまるものを１つだけ選択してください。', '', '', '', '', '', 1, NULL),
(154, 2020, 'union', 'ポイントをスライドさせるか、＋ボタン－ボタンを使って数値を変更することができます。', '', '', '', '', '', 1, NULL),
(155, 2021, 'union', 'ポイントをスライドさせるか、＋ボタン－ボタンを使って数値を変更することができます。', '', '', '', '', '', 1, NULL),
(156, 2022, 'union', 'どちらか当てはまるものを選択してください。', '', '', '', '', '', 1, NULL),
(157, 2023, 'union', '食事内容を「朝食」「昼食」「夕食」「間食」に分けて入力して下さい。<br />たまご１個分の量（50g／50ml）を１個と数えて、食べた量を考えて下さい。<br />例えばご飯ですと、子ども用であれば１杯が「２個」、大人用であれば「３個」になります。<br />コップ１杯の牛乳ですと約200mlですので「４個」です。<br /><br />「主食」「主菜」「副菜・汁物」「果物・乳類・飲料」「おやつ」の５つに分類されていますので、<br />食事内容を思い出しながら入力して下さい。<br />分からない方は、', '', '', '', '食事チェックシート', '<img src="../img/layer/157_help.jpg" alt="食事チェックシート" />', 1, NULL),
(158, 2024, 'union', '次の選択肢から当てはまるものを１つだけ選択してください。', '', '', '', '', '', 1, NULL),
(159, 2027, 'union', 'ポイントをスライドさせるか、＋ボタン－ボタンを使って数値を変更することができます。', '', '', '', '', '', 1, NULL),
(160, 2028, 'union', '次の選択肢から当てはまるものを１つだけ選択してください。', '', '', '', '', '', 1, NULL),
(161, 2029, 'union', 'ポイントをスライドさせるか、＋ボタン－ボタンを使って数値を変更することができます。', '', '', '', '', '', 1, NULL),
(162, 2030, 'union', 'どちらか当てはまるものを選択してください。', '', '', '', '', '', 1, NULL),
(163, 2031, 'union', 'どちらか当てはまるものを選択してください。', '', '', '', '', '', 1, NULL),
(164, 2032, 'union', 'どちらか当てはまるものを選択してください。', '', '', '', '', '', 1, NULL),
(165, 2033, 'union', 'ポイントをスライドさせるか、＋ボタン－ボタンを使って数値を変更することができます。', '', '', '', '', '', 1, NULL),
(166, 2034, 'union', 'ポイントをスライドさせるか、＋ボタン－ボタンを使って数値を変更することができます。', '', '', '', '', '', 1, NULL),
(167, 2035, 'union', 'ポイントをスライドさせるか、＋ボタン－ボタンを使って数値を変更することができます。', '', '', '', '', '', 1, NULL),
(168, 2036, 'union', 'どちらか当てはまるものを選択してください。', '', '', '', '', '', 1, NULL),
(169, 2037, 'union', 'どちらか当てはまるものを選択してください。', '', '', '', '', '', 1, 'full'),
(170, 2038, 'union', '運動を始めた時期を月、もしくは年単位で入力してください。', '', '', '', '', '', 1, NULL),
(171, 2038, 'union', '', '', '', '', '', '', 2, NULL),
(172, 2039, 'union', '次の選択肢から当てはまるものを１つだけ選択してください。', '', '', '', '', '', 1, 'half'),
(173, 2040, 'union', '次の選択肢から当てはまるものを１つだけ選択してください。', '', '', '', '', '', 1, NULL),
(174, 2041, 'union', 'ポイントをスライドさせるか、＋ボタン－ボタンを使って数値を変更することができます。', '', '', '', '', '', 1, NULL),
(175, 2042, 'union', 'どちらか当てはまるものを選択してください。', '', '', '', '', '', 1, NULL),
(176, 2043, 'union', 'どちらか当てはまるものを選択してください。', '', '', '', '', '', 1, NULL),
(177, 2044, 'union', 'ポイントをスライドさせるか、＋ボタン－ボタンを使って数値を変更することができます。', '', '', '', '', '', 1, NULL),
(179, 2053, 'union', 'ポイントをスライドさせるか、＋ボタン－ボタンを使って数値を変更することができます。', '', '', '', '', '', 1, NULL),
(180, 2054, 'union', '次の選択肢から当てはまるものを１つだけ選択してください。', '', '', '', '', '', 1, NULL),
(181, 2055, 'union', '次の選択肢から当てはまるものを１つだけ選択してください。', '', '', '', '', '', 1, NULL),
(182, 2056, 'union', 'どちらか当てはまるものを選択してください。', '', '', '', '', '', 1, NULL),
(183, 2099, 'multiple', '次の選択肢から当てはまるものを全て選択してください。', '', '', '', '', '', 1, 'quarter'),
(184, 2101, 'union', 'どちらか当てはまるものを選択してください。', '', '', '', '', '', 1, NULL),
(185, 2102, 'union', 'どちらか当てはまるものを選択してください。', '', '', '', '', '', 1, NULL),
(186, 2103, 'union', 'どちらか当てはまるものを選択してください。', '', '', '', '', '', 1, NULL),
(187, 2104, 'union', 'どちらか当てはまるものを選択してください。', '', '', '', '', '', 1, NULL),
(188, 2105, 'union', 'どちらか当てはまるものを選択してください。', '', '', '', '', '', 1, NULL),
(189, 2106, 'union', '次の選択肢から当てはまるものを１つだけ選択してください。', '', '', '', '', '', 1, NULL),
(190, 2107, 'union', 'どちらか当てはまるものを選択してください。', '', '', '', '', '', 1, NULL),
(191, 2108, 'union', '次の選択肢から当てはまるものを１つだけ選択してください。', '', '', '', '', '', 1, 'full'),
(192, 2109, 'union', 'どちらか当てはまるものを選択してください。', '', '', '', '', '', 1, NULL),
(193, 2110, 'union', '次の選択肢から当てはまるものを１つだけ選択してください。', '', '', '', '', '', 1, NULL),
(194, 2111, 'union', 'どちらか当てはまるものを選択してください。', '', '', '', '', '', 1, NULL),
(195, 2112, 'union', 'どちらか当てはまるものを選択してください。', '', '', '', '', '', 1, NULL),
(196, 2113, 'union', '例）3kgくらい', '', '', '', '', '', 1, NULL),
(197, 2114, 'union', 'どちらか当てはまるものを選択してください。', '', '', '', '', '', 1, NULL),
(198, 2115, 'union', '気になる症状を詳しく入力してください。', '', '', '', '', '', 1, NULL),
(199, 2116, 'union', 'どちらか当てはまるものを選択してください。', '', '', '', '', '', 1, NULL),
(200, 2117, 'union', '例）祖父が亡くなった', '', '', '', '', '', 1, NULL),
(201, 2118, 'union', 'どちらか当てはまるものを選択してください。', '', '', '', '', '', 1, NULL),
(202, 2119, 'union', 'どちらか当てはまるものを選択してください。', '', '', '', '', '', 1, NULL),
(203, 2120, 'union', 'どちらか当てはまるものを選択してください。', '', '', '', '', '', 1, NULL),
(204, 2036, 'union', '', '', '', '', '', '', 2, NULL),
(205, 2045, 'union', 'ポイントをスライドさせるか、＋ボタン－ボタンを使って数値を変更することができます。', '', '', '', '', '', 1, NULL),
(206, 2045, 'union', '', '', '', '', '', '', 2, NULL),
(207, 2045, 'union', '', '', '', '', '', '', 3, NULL),
(208, 2045, 'union', '', '', '', '', '', '', 4, NULL),
(209, 2045, 'union', '', '', '', '', '', '', 5, NULL),
(210, 2045, 'union', '', '', '', '', '', '', 6, NULL),
(211, 2045, 'union', '', '', '', '', '', '', 7, NULL),
(212, 2045, 'union', '', '', '', '', '', '', 8, NULL),
(213, 2023, 'union', 'アコーディオン１', '', '', '', '', '', 1, NULL),
(214, 2023, 'union', 'アコーディオン２', '', '', '', '', '', 2, NULL),
(215, 2023, 'union', 'アコーディオン３', '', '', '', '', '', 3, NULL),
(216, 2023, 'union', 'アコーディオン４', '', '', '', '', '', 4, NULL),
(217, 2023, 'union', '', '', '', '', '', '', 5, NULL),
(218, 2023, 'union', '', '', '', '', '', '', 6, NULL),
(219, 2023, 'union', '', '', '', '', '', '', 7, NULL),
(220, 2023, 'union', '', '', '', '', '', '', 8, NULL),
(221, 2023, 'union', '', '', '', '', '', '', 9, NULL),
(222, 2023, 'union', '', '', '', '', '', '', 10, NULL),
(223, 2023, 'union', '', '', '', '', '', '', 11, NULL),
(224, 2023, 'union', '', '', '', '', '', '', 12, NULL),
(225, 2023, 'union', '', '', '', '', '', '', 13, NULL),
(226, 2023, 'union', '', '', '', '', '', '', 14, NULL),
(227, 2023, 'union', '', '', '', '', '', '', 15, NULL),
(228, 2023, 'union', '', '', '', '', '', '', 16, NULL),
(229, 2023, 'union', '', '', '', '', '', '', 17, NULL),
(230, 2023, 'union', '', '', '', '', '', '', 18, NULL),
(231, 2023, 'union', '', '', '', '', '', '', 19, NULL),
(232, 2023, 'union', '', '', '', '', '', '', 20, NULL),
(233, 2023, 'union', '', '', '', '', '', '', 21, NULL),
(234, 2023, 'union', '', '', '', '', '', '', 22, NULL),
(235, 2023, 'union', '', '', '', '', '', '', 23, NULL),
(236, 2023, 'union', '', '', '', '', '', '', 24, NULL),
(237, 2018, 'union', 'その他詳細', '', '', '', '', '', 2, NULL),
(238, 2015, 'multiple', '', '', '', '', '', '', 1, NULL),
(239, 2035, 'union', 'ポイントをスライドさせるか、＋ボタン－ボタンを使って数値を変更することができます。', '', '', '', '', '', 1, NULL),
(240, 2035, 'union', 'ポイントをスライドさせるか、＋ボタン－ボタンを使って数値を変更することができます。', '', '', '', '', '', 1, NULL),
(241, 2036, 'union', '', '', '', '', '', '', 3, NULL),
(242, 2044, 'union', '', '', '', '', '', '', 2, NULL),
(243, 2045, 'union', '', '', '', '', '', '', 9, NULL),
(244, 2045, 'union', '', '', '', '', '', '', 10, NULL),
(245, 2045, 'union', '', '', '', '', '', '', 11, NULL),
(246, 2045, 'union', '', '', '', '', '', '', 12, NULL),
(247, 2045, 'union', '', '', '', '', '', '', 13, NULL),
(248, 2017, 'union', '詳細', '', '', '', '', '', 2, NULL),
(249, 2121, 'union', '次の選択肢から当てはまるものを１つだけ選択してください。', '', '', '', '', '', 1, NULL),
(250, 2122, 'union', '次の選択肢から当てはまるものを１つだけ選択してください。', '', '', '', '', '', 1, NULL),
(251, 2123, 'union', '次の選択肢から当てはまるものを１つだけ選択してください。', '', '', '', '', '', 1, NULL),
(252, 2124, 'union', '次の選択肢から当てはまるものを１つだけ選択してください。', '', '', '', '', '', 1, NULL),
(253, 2053, 'multiple', '', '', '', '', '', '', 2, 'quarter'),
(254, 2034, 'union', '【１日の合計】', '', '', '', '', '', 2, 'quarter'),
(255, 2125, 'union', '次の選択肢から当てはまるものを１つだけ選択してください。', '', '', '', '', '', 1, NULL),
(256, 2126, 'union', 'どちらか当てはまるものを選択してください。', '', '', '', '', '', 1, NULL),
(257, 2127, 'union', '次の業種から当てはまるものを１つだけ選択してください。', '', '', '', '', '', 1, 'half'),
(258, 2128, 'union', '次の選択肢から当てはまるものを１つだけ選択してください。', '', '', '', '', '', 1, 'full'),
(261, 2130, 'union', '次の選択肢から当てはまるものを１つだけ選択してください。', '', '', '', '', '', 1, NULL),
(5001, 5001, 'union', '次の選択肢から当てはまるものを１つだけ選択してください。', '', '', '', '', '', 1, 'half'),
(5002, 5002, 'union', '次の選択肢から当てはまるものを１つだけ選択してください。', '', '', '', '', '', 1, 'half'),
(5003, 5003, 'union', '次の選択肢から当てはまるものを１つだけ選択してください。', '', '', '', '', '', 1, 'half'),
(5004, 5004, 'union', '次の選択肢から当てはまるものを１つだけ選択してください。', '', '', '', '', '', 1, 'half'),
(5005, 5005, 'union', '次の選択肢から当てはまるものを１つだけ選択してください。', '', '', '', '', '', 1, 'half'),
(5006, 5006, 'union', '次の運動種目からあてはまるものを１つだけ選択してください。', '', '', '', '', '', 1, 'half'),
(5007, 5006, 'union', 'ポイントをスライドさせるか、＋ボタン－ボタンを使って数値を変更することができます。', '', '', '', '', '', 1, 'half'),
(5008, 5006, 'union', '', '', '', '', '', '', 1, 'half'),
(5009, 5007, 'union', '次の選択肢から当てはまるものを１つだけ選択してください。', '', '', '', '', '', 1, 'half'),
(5010, 5008, 'union', '次の選択肢から当てはまるものを１つだけ選択してください。', '', '', '', '', '', 1, 'half'),
(5011, 5009, 'union', '次の選択肢から当てはまるものを１つだけ選択してください。', '', '', '', '', '', 1, 'half'),
(5012, 5010, 'union', '次の選択肢から当てはまるものを１つだけ選択してください。', '', '', '', '', '', 1, 'half'),
(5013, 5011, 'union', 'ポイントをスライドさせるか、＋ボタン－ボタンを使って数値を変更することができます。', '', '', '', '', '', 1, 'half'),
(5014, 5012, 'union', '次の運動種目からあてはまるものを１つだけ選択してください。', '', '', '', '', '', 1, 'half'),
(5015, 5012, 'union', 'ポイントをスライドさせるか、＋ボタン－ボタンを使って数値を変更することができます。', '', '', '', '', '', 1, 'half'),
(5016, 5012, 'union', '', '', '', '', '', '', 1, 'half'),
(5017, 5013, 'union', 'ポイントをスライドさせるか、＋ボタン－ボタンを使って数値を変更することができます。', '', '', '', '', '', 1, 'half'),
(5018, 5014, 'union', 'ポイントをスライドさせるか、＋ボタン－ボタンを使って数値を変更することができます。', '', '', '', '', '', 1, 'half');

-- --------------------------------------------------------

--
-- テーブルの構造 `m_layer_control_by_choice`
--

CREATE TABLE IF NOT EXISTS `m_layer_control_by_choice` (
  `layer_id` int(11) NOT NULL,
  `choice_id_upper` int(11) NOT NULL COMMENT '判断元となる選択肢ID',
  `control_type` enum('show','caution') NOT NULL COMMENT '条件がtrueの時に「表示」か「強調」かの区別',
  `group_no` int(11) DEFAULT NULL COMMENT 'グループ番号。choice_idに対して区別される',
  `all_or_every` enum('all','every') DEFAULT NULL COMMENT 'all:グループ内の全てが選ばれた場合true。every:グループ内のいずれか選ばれた場合true',
  `show_type` enum('0','1') DEFAULT NULL COMMENT '0:親選択が未選択の場合true。1:親選択肢が選択されている場合true'
) ENGINE=InnoDB DEFAULT CHARSET=utf8;

--
-- テーブルのデータのダンプ `m_layer_control_by_choice`
--

INSERT INTO `m_layer_control_by_choice` (`layer_id`, `choice_id_upper`, `control_type`, `group_no`, `all_or_every`, `show_type`) VALUES
(106, 10010, 'show', 1, 'all', '1'),
(107, 10011, 'show', 1, 'all', '1'),
(108, 10012, 'show', 1, 'all', '1'),
(109, 10013, 'show', 1, 'all', '1'),
(110, 10014, 'show', 1, 'all', '1'),
(111, 10015, 'show', 1, 'all', '1'),
(112, 10016, 'show', 1, 'all', '1'),
(113, 10017, 'show', 1, 'all', '1'),
(114, 10018, 'show', 1, 'all', '1'),
(115, 10019, 'show', 1, 'all', '1'),
(116, 10020, 'show', 1, 'all', '1'),
(117, 10021, 'show', 1, 'all', '1'),
(127, 10087, 'show', 1, 'all', '1'),
(128, 10067, 'show', 1, 'all', '1'),
(129, 10068, 'show', 1, 'all', '1'),
(130, 10069, 'show', 1, 'all', '1'),
(131, 10070, 'show', 1, 'all', '1'),
(132, 10071, 'show', 1, 'all', '1'),
(133, 10072, 'show', 1, 'all', '1'),
(134, 10073, 'show', 1, 'all', '1'),
(135, 10074, 'show', 1, 'all', '1'),
(136, 10075, 'show', 1, 'all', '1'),
(137, 10076, 'show', 1, 'all', '1'),
(138, 10077, 'show', 1, 'all', '1'),
(139, 10078, 'show', 1, 'all', '1'),
(140, 10079, 'show', 1, 'all', '1'),
(141, 10080, 'show', 1, 'all', '1'),
(142, 10081, 'show', 1, 'all', '1'),
(143, 10082, 'show', 1, 'all', '1'),
(144, 10083, 'show', 1, 'all', '1'),
(145, 10084, 'show', 1, 'all', '1'),
(146, 10085, 'show', 1, 'all', '1'),
(147, 10086, 'show', 1, 'all', '1'),
(148, 10087, 'show', 1, 'all', '1'),
(237, 10124, 'show', 1, 'all', '1'),
(154, 10125, 'show', 1, 'all', '1'),
(155, 10128, 'show', 1, 'all', '1'),
(161, 10144, 'show', 1, 'every', '1'),
(161, 10145, 'show', 1, 'every', '1'),
(161, 10146, 'show', 1, 'every', '1'),
(161, 10147, 'show', 1, 'every', '1'),
(161, 10148, 'show', 1, 'every', '1'),
(204, 10175, 'show', 1, 'all', '1'),
(241, 10175, 'show', 1, 'all', '1'),
(170, 10178, 'show', 1, 'every', '1'),
(170, 10179, 'show', 1, 'every', '1'),
(171, 10178, 'show', 1, 'every', '1'),
(171, 10179, 'show', 1, 'every', '1'),
(183, 10178, 'show', 1, 'every', '1'),
(183, 10179, 'show', 1, 'every', '1'),
(189, 10246, 'show', 1, 'all', '1'),
(191, 10252, 'show', 1, 'all', '1'),
(99193, 10257, 'show', 1, 'all', '1'),
(196, 10263, 'show', 1, 'all', '1'),
(99197, 10238, 'show', 1, 'all', '1'),
(99197, 10241, 'show', 1, 'all', '1'),
(99197, 10243, 'show', 1, 'all', '1'),
(99197, 10245, 'show', 1, 'all', '1'),
(99198, 10238, 'show', 1, 'all', '1'),
(99198, 10241, 'show', 1, 'all', '1'),
(198, 10266, 'show', 2, 'all', '1'),
(99198, 10243, 'show', 1, 'all', '1'),
(99198, 10245, 'show', 1, 'all', '1'),
(99199, 10238, 'show', 1, 'all', '1'),
(99199, 10241, 'show', 1, 'all', '1'),
(99199, 10243, 'show', 1, 'all', '1'),
(99199, 10245, 'show', 1, 'all', '1'),
(99200, 10238, 'show', 1, 'all', '1'),
(99200, 10241, 'show', 1, 'all', '1'),
(99200, 10243, 'show', 1, 'all', '1'),
(99200, 10245, 'show', 1, 'all', '1'),
(200, 10269, 'show', 2, 'all', '1'),
(99201, 10238, 'show', 1, 'all', '1'),
(99201, 10241, 'show', 1, 'all', '1'),
(99201, 10243, 'show', 1, 'all', '1'),
(99201, 10245, 'show', 1, 'all', '1'),
(99202, 10238, 'show', 1, 'all', '1'),
(99202, 10241, 'show', 1, 'all', '1'),
(99202, 10243, 'show', 1, 'all', '1'),
(99202, 10245, 'show', 1, 'all', '1'),
(99203, 10238, 'show', 1, 'all', '1'),
(99203, 10241, 'show', 1, 'all', '1'),
(99203, 10243, 'show', 1, 'all', '1'),
(99203, 10245, 'show', 1, 'all', '1'),
(238, 10067, 'show', 1, 'every', '1'),
(238, 10068, 'show', 1, 'every', '1'),
(238, 10069, 'show', 1, 'every', '1'),
(238, 10070, 'show', 1, 'every', '1'),
(238, 10071, 'show', 1, 'every', '1'),
(238, 10072, 'show', 1, 'every', '1'),
(238, 10073, 'show', 1, 'every', '1'),
(238, 10074, 'show', 1, 'every', '1'),
(238, 10075, 'show', 1, 'every', '1'),
(238, 10076, 'show', 1, 'every', '1'),
(238, 10077, 'show', 1, 'every', '1'),
(238, 10078, 'show', 1, 'every', '1'),
(238, 10079, 'show', 1, 'every', '1'),
(238, 10080, 'show', 1, 'every', '1'),
(238, 10081, 'show', 1, 'every', '1'),
(238, 10082, 'show', 1, 'every', '1'),
(238, 10083, 'show', 1, 'every', '1'),
(238, 10084, 'show', 1, 'every', '1'),
(238, 10085, 'show', 1, 'every', '1'),
(238, 10086, 'show', 1, 'every', '1'),
(238, 10087, 'show', 1, 'every', '1'),
(248, 10115, 'show', 1, 'all', '1'),
(179, 10422, 'caution', 1, 'all', '0'),
(5002, 50002, 'show', 1, 'every', '1'),
(5003, 50004, 'show', 1, 'every', '1'),
(5002, 50009, 'show', 1, 'every', '1'),
(5002, 50002, 'show', 1, 'every', '1'),
(5003, 50004, 'show', 1, 'every', '1'),
(5002, 50009, 'show', 1, 'every', '1');

-- --------------------------------------------------------

--
-- テーブルの構造 `m_layer_inclusion`
--

CREATE TABLE IF NOT EXISTS `m_layer_inclusion` (
  `layer_id` int(11) NOT NULL,
  `layer_id_upper` int(11) NOT NULL
) ENGINE=InnoDB DEFAULT CHARSET=utf8 COMMENT='レイヤー同士の包括関係を表現';

--
-- テーブルのデータのダンプ `m_layer_inclusion`
--

INSERT INTO `m_layer_inclusion` (`layer_id`, `layer_id_upper`) VALUES
(128, 238),
(129, 238),
(130, 238),
(131, 238),
(132, 238),
(133, 238),
(134, 238),
(135, 238),
(136, 238),
(137, 238),
(138, 238),
(139, 238),
(140, 238),
(141, 238),
(142, 238),
(143, 238),
(144, 238),
(145, 238),
(146, 238),
(147, 238),
(148, 238),
(213, 157),
(214, 157),
(215, 157),
(216, 157),
(217, 213),
(218, 213),
(219, 213),
(220, 213),
(221, 213),
(222, 214),
(223, 214),
(224, 214),
(225, 214),
(226, 214),
(227, 215),
(228, 215),
(229, 215),
(230, 215),
(231, 215),
(232, 216),
(233, 216),
(234, 216),
(235, 216),
(236, 216),
(167, 240),
(239, 240);

-- --------------------------------------------------------

--
-- テーブルの構造 `m_role`
--

CREATE TABLE IF NOT EXISTS `m_role` (
  `role_id` int(11) NOT NULL,
  `role_name` varchar(25) NOT NULL,
  `auth_pattern` varchar(50) NOT NULL,
  PRIMARY KEY (`role_id`)
) ENGINE=InnoDB DEFAULT CHARSET=utf8 COMMENT='役割テーブル';

--
-- テーブルのデータのダンプ `m_role`
--

INSERT INTO `m_role` (`role_id`, `role_name`, `auth_pattern`) VALUES
(0, 'システム管理者', 'SYSTEM_ADMIN'),
(1, '管理者', 'ADMIN_ALL'),
(2, '医師', 'ADMIN_INTERVIEW_ALL'),
(3, '専門医', 'ADMIN_INTERVIEW_ALL'),
(4, '研修医', 'ADMIN_INTERVIEW_ALL'),
(5, '看護師', 'ADMIN_INTERVIEW_READ_ONRY'),
(6, '医療事務', 'ADMIN_INTERVIEW_READ_ONRY'),
(7, '利用者本人', 'FRONT'),
(8, '利用者代理入力', 'FRONT');

-- --------------------------------------------------------

--
-- テーブルの構造 `m_role_auth`
--

CREATE TABLE IF NOT EXISTS `m_role_auth` (
  `role_auth_id` int(11) NOT NULL AUTO_INCREMENT,
  `function_key` varchar(50) NOT NULL,
  `action_key` varchar(50) NOT NULL,
  `auth_pattern` varchar(50) NOT NULL,
  PRIMARY KEY (`role_auth_id`)
) ENGINE=InnoDB  DEFAULT CHARSET=utf8 COMMENT='役割限権テーブル' AUTO_INCREMENT=40 ;

--
-- テーブルのデータのダンプ `m_role_auth`
--

INSERT INTO `m_role_auth` (`role_auth_id`, `function_key`, `action_key`, `auth_pattern`) VALUES
(1, 'interview_pro', 'list', 'ADMIN_ALL'),
(2, 'interview_pro', 'list', 'ADMIN_INTERVIEW_ALL'),
(3, 'interview_pro', 'list', 'ADMIN_INTERVIEW_READ_ONRY'),
(4, 'interview_normal', 'list', 'ADMIN_ALL'),
(5, 'interview_normal', 'list', 'ADMIN_INTERVIEW_ALL'),
(6, 'interview_normal', 'list', 'ADMIN_INTERVIEW_READ_ONRY'),
(7, 'interview_simple', 'list', 'ADMIN_ALL'),
(8, 'interview_simple', 'list', 'ADMIN_INTERVIEW_ALL'),
(9, 'interview_simple', 'list', 'ADMIN_INTERVIEW_READ_ONRY'),
(10, 'interview_very_simple', 'list', 'ADMIN_ALL'),
(11, 'interview_very_simple', 'list', 'ADMIN_INTERVIEW_ALL'),
(12, 'interview_very_simple', 'list', 'ADMIN_INTERVIEW_READ_ONRY'),
(13, 'interview', 'list', 'ADMIN_ALL'),
(14, 'interview', 'list', 'ADMIN_INTERVIEW_ALL'),
(15, 'interview', 'list', 'ADMIN_INTERVIEW_READ_ONRY'),
(16, 'interview', 'edit', 'ADMIN_ALL'),
(17, 'interview', 'edit', 'ADMIN_INTERVIEW_ALL'),
(18, 'interview', 'detail', 'ADMIN_ALL'),
(19, 'interview', 'detail', 'ADMIN_INTERVIEW_ALL'),
(20, 'interview', 'detail', 'ADMIN_INTERVIEW_READ_ONRY'),
(21, 'interview', 'result', 'ADMIN_ALL'),
(22, 'interview', 'result', 'ADMIN_INTERVIEW_ALL'),
(23, 'interview', 'food_csv_download', 'ADMIN_ALL'),
(24, 'interview', 'food_csv_download', 'ADMIN_INTERVIEW_ALL'),
(25, 'followup', 'edit', 'ADMIN_ALL'),
(26, 'followup', 'edit', 'ADMIN_INTERVIEW_ALL'),
(27, 'followup', 'detail', 'ADMIN_ALL'),
(28, 'followup', 'detail', 'ADMIN_INTERVIEW_ALL'),
(29, 'followup', 'detail', 'ADMIN_INTERVIEW_READ_ONRY'),
(30, 'followup', 'result', 'ADMIN_ALL'),
(31, 'followup', 'result', 'ADMIN_INTERVIEW_ALL'),
(32, 'print', 'list', 'ADMIN_ALL'),
(33, 'print', 'list', 'ADMIN_INTERVIEW_ALL'),
(34, 'account', 'list', 'ADMIN_ALL'),
(35, 'account', 'edit', 'ADMIN_ALL'),
(36, 'account', 'add', 'ADMIN_ALL'),
(37, 'mail_setting', 'list', 'ADMIN_ALL'),
(38, 'csv_download', 'list', 'ADMIN_ALL'),
(39, 'csv_download', 'list', 'ADMIN_INTERVIEW_ALL');

-- --------------------------------------------------------

--
-- テーブルの構造 `m_section`
--

CREATE TABLE IF NOT EXISTS `m_section` (
  `section_id` int(11) NOT NULL,
  `flg_abbreviation` tinyint(1) NOT NULL DEFAULT '0' COMMENT '省略可能フラグ。前回の回答を流用できる',
  `flg_must_input` tinyint(1) NOT NULL DEFAULT '0',
  `section_string` varchar(100) DEFAULT NULL COMMENT '設問の文章',
  `section_string_US` varchar(100) DEFAULT NULL,
  `section_string_CN` varchar(45) DEFAULT NULL,
  `section_string_KR` varchar(45) DEFAULT NULL,
  `annotation` varchar(45) DEFAULT NULL COMMENT '設問の注釈',
  `annotation_US` varchar(100) DEFAULT NULL,
  `annotation_CN` varchar(45) DEFAULT NULL,
  `annotation_KR` varchar(45) DEFAULT NULL,
  `annotation_title` varchar(45) DEFAULT NULL COMMENT 'ポップアップ表示の注釈のタイトル',
  `annotation_title_US` varchar(100) DEFAULT NULL,
  `annotation_title_CN` varchar(45) DEFAULT NULL,
  `annotation_title_KR` varchar(45) DEFAULT NULL,
  `annotation_text` varchar(255) DEFAULT NULL COMMENT 'ポップアップ表示の注釈の本文',
  `annotation_text_US` varchar(400) DEFAULT NULL,
  `annotation_text_CN` varchar(255) DEFAULT NULL,
  `annotation_text_KR` varchar(255) DEFAULT NULL,
  `target_age_from` int(11) DEFAULT NULL COMMENT '表示条件 年齢下限',
  `target_age_to` int(11) DEFAULT NULL COMMENT '表示条件 年齢上限',
  `target_gender` enum('male','female') DEFAULT NULL COMMENT '表示条件 性別指定',
  `target_question` tinyint(1) DEFAULT NULL COMMENT '表示条件　前回回答（1：Y／0：N）',
  PRIMARY KEY (`section_id`)
) ENGINE=InnoDB DEFAULT CHARSET=utf8 COMMENT='設問マスタ。問診・問診結果・服薬指導時のチェック項目を管理';

--
-- テーブルのデータのダンプ `m_section`
--

INSERT INTO `m_section` (`section_id`, `flg_abbreviation`, `flg_must_input`, `section_string`, `section_string_US`, `section_string_CN`, `section_string_KR`, `annotation`, `annotation_US`, `annotation_CN`, `annotation_KR`, `annotation_title`, `annotation_title_US`, `annotation_title_CN`, `annotation_title_KR`, `annotation_text`, `annotation_text_US`, `annotation_text_CN`, `annotation_text_KR`, `target_age_from`, `target_age_to`, `target_gender`, `target_question`) VALUES
(2001, 0, 1, 'ID（診察券番号、受付番号）', '', '', '', '', '', '', '', '', '', '', '', '', '', '', '', NULL, NULL, NULL, NULL),
(2002, 0, 1, '生年月日', '', '', '', '', '', '', '', '', '', '', '', '', '', '', '', NULL, NULL, NULL, NULL),
(2003, 0, 1, '性別を教えてください。', '', '', '', '', '', '', '', '', '', '', '', '', '', '', '', NULL, NULL, NULL, NULL),
(2004, 0, 0, '現在結婚していますか？', '', '', '', '', '', '', '', '', '', '', '', '', '', '', '', NULL, NULL, NULL, NULL),
(2005, 0, 1, 'あなたの職業を教えてください。', '', '', '', '', '', '', '', '', '', '', '', '', '', '', '', NULL, NULL, NULL, NULL),
(2006, 0, 1, '現在の身長を教えてください。', '', '', '', '', '', '', '', '', '', '', '', '', '', '', '', NULL, NULL, NULL, NULL),
(2007, 0, 1, '現在の体重を教えてください。', '', '', '', '', '', '', '', '', '', '', '', '', '', '', '', NULL, NULL, NULL, NULL),
(2008, 0, 0, '今までの最高体重について教えて下さい。', '', '', '', '', '', '', '', '', '', '', '', '', '', '', '', NULL, NULL, NULL, NULL),
(2009, 0, 0, '20歳以降の最低体重について教えて下さい。', '', '', '', '', '', '', '', '', '', '', '', '', '', '', '', NULL, NULL, NULL, NULL),
(2010, 0, 0, '20歳のときの体重はどのくらいでしたか？', '', '', '', '', '', '', '', '', '', '', '', '', '', '', '', NULL, NULL, NULL, NULL),
(2011, 0, 0, '自分にとって丁度よい体重はどれくらいだと思いますか？', '', '', '', '', '', '', '', '', '', '', '', '', '', '', '', NULL, NULL, NULL, NULL),
(2012, 0, 0, 'あなたの理想の体重はどれくらいですか？', '', '', '', '', '', '', '', '', '', '', '', '', '', '', '', NULL, NULL, NULL, NULL),
(2013, 0, 1, '現在の腹囲を教えてください。', '', '', '', '', '', '', '', '', '', '', '', '', '', '', '', NULL, NULL, NULL, NULL),
(2014, 0, 2, 'これまでにかかった病気を教えてください。', '', '', '', '', '', '', '', '', '', '', '', '', '', '', '', NULL, NULL, NULL, NULL),
(2015, 0, 2, 'このうち、現在治療中（薬物を内服）しているものはどれですか？', '', '', '', '※前の質問で選択したものからお選び下さい。', '', '', '', '', '', '', '', '', '', '', '', NULL, NULL, NULL, NULL),
(2016, 0, 1, '以下に当てはまるものがありますか？', '', '', '', '', '', '', '', '', '', '', '', '', '', '', '', NULL, NULL, NULL, NULL),
(2017, 0, 0, '現在定期的に飲んでいる薬がありますか？', '', '', '', '', '', '', '', '', '', '', '', '', '', '', '', NULL, NULL, NULL, NULL),
(2018, 0, 2, '血縁関係の方で以下の病気を指摘されたことがある方はいますか？', '', '', '', '', '', '', '', '', '', '', '', '', '', '', '', NULL, NULL, NULL, NULL),
(2019, 0, 1, 'タバコを吸いますか？', '', '', '', '', '', '', '', '', '', '', '', '', '', '', '', NULL, NULL, NULL, NULL),
(2020, 0, 1, '喫煙量は？', '', '', '', '', '', '', '', '', '', '', '', '', '', '', '', NULL, NULL, NULL, NULL),
(2021, 0, 1, 'その当時の喫煙量は？', '', '', '', '', '', '', '', '', '', '', '', '', '', '', '', NULL, NULL, NULL, NULL),
(2022, 0, 0, '現在自分でストレスを強く感じていますか？', '', '', '', '', '', '', '', '', '', '', '', '', '', '', '', NULL, NULL, NULL, NULL),
(2023, 0, 2, 'あなたの昨日の食事内容を記入してください。', '', '', '', 'ポイントをスライドさせるか、＋ボタン－ボタンを使って数値を変更することができます。', '', '', '', '', '', '', '', '', '', '', '', NULL, NULL, NULL, NULL),
(2024, 0, 1, '上で入力した昨日の食事内容は、あなたのいつもの食事量に比べてどうですか？', '', '', '', '', '', '', '', '', '', '', '', '', '', '', '', NULL, NULL, NULL, NULL),
(2027, 0, 1, '夕食はいつも何時くらいにとりますか？', '', '', '', '', '', '', '', '', '', '', '', '', '', '', '', NULL, NULL, NULL, NULL),
(2028, 0, 1, 'お酒はどの程度飲みますか？', '', '', '', '※飲酒をする場合は次の質問で飲酒量についてもお答えください。', '', '', '', '', '', '', '', '', '', '', '', NULL, NULL, NULL, NULL),
(2029, 0, 1, '1回の飲酒量はどの程度ですか？', '', '', '', '', '', '', '', '', '', '', '', '', '', '', '', NULL, NULL, NULL, NULL),
(2030, 0, 0, '食事を用意しているのは主に誰ですか？', '', '', '', '', '', '', '', '', '', '', '', '', '', '', '', NULL, NULL, NULL, NULL),
(2031, 0, 0, 'スナックを含め、間食をよくするほうですか？', '', '', '', '', '', '', '', '', '', '', '', '', '', '', '', NULL, NULL, NULL, NULL),
(2032, 0, 0, '食事の時間は不規則ですか？', '', '', '', '', '', '', '', '', '', '', '', '', '', '', '', NULL, NULL, NULL, NULL),
(2033, 0, 0, '朝何時くらいに起きますか？', '', '', '', '', '', '', '', '', '', '', '', '', '', '', '', NULL, NULL, NULL, NULL),
(2034, 0, 2, '通勤はどのようにしていますか？', '', '', '', '', '', '', '', '', '', '', '', '', '', '', '', NULL, NULL, NULL, NULL),
(2035, 0, 2, '日常の生活について、おおよそでお答えください。', '', '', '', '', '', '', '', '', '', '', '', '', '', '', '', NULL, NULL, NULL, NULL),
(2036, 0, 0, '日常生活で、重いものを持って作業することはありますか？', '', '', '', '', '', '', '', '', '', '', '', '', '', '', '', NULL, NULL, NULL, NULL),
(2037, 0, 1, '現在何か定期的な運動をしていますか？', '', '', '', '※「はい」の場合は、「種目」と「時期」についてもご回答下さい。', '', '', '', '', '', '', '', '', '', '', '', NULL, NULL, NULL, NULL),
(2038, 0, 0, 'いつからしていますか？', '', '', '', '', '', '', '', '', '', '', '', '', '', '', '', NULL, NULL, NULL, NULL),
(2039, 0, 1, '大学生以降で定期的な運動を何かしていましたか？', '', '', '', '', '', '', '', '', '', '', '', '', '', '', '', NULL, NULL, NULL, NULL),
(2040, 0, 0, '現在の運動量は、以前と比べてどうですか？', '', '', '', '', '', '', '', '', '', '', '', '', '', '', '', NULL, NULL, NULL, NULL),
(2041, 0, 0, '普段の就寝時間は何時ですか？', '', '', '', '', '', '', '', '', '', '', '', '', '', '', '', NULL, NULL, NULL, NULL),
(2042, 0, 0, '現在の自分の生活を改善したいと思っていますか？', '', '', '', '', '', '', '', '', '', '', '', '', '', '', '', NULL, NULL, NULL, NULL),
(2043, 0, 0, '現在自分の生活を改善するための努力を何かしていますか？', '', '', '', '', '', '', '', '', '', '', '', '', '', '', '', NULL, NULL, NULL, NULL),
(2044, 0, 2, 'あなたは現在の生活の中で週に何時間程度運動をすることができますか？', '', '', '', '', '', '', '', '', '', '', '', '', '', '', '', NULL, NULL, NULL, NULL),
(2045, 0, 1, '健康診断 結果入力', '', '', '', 'この質問は健診の結果をもとに入力してください。', '', '', '', '', '', '', '', '', '', '', '', NULL, NULL, NULL, NULL),
(2053, 0, 0, 'あなたの出生時体重を教えて下さい。', '', '', '', '', '', '', '', '', '', '', '', '', '', '', '', NULL, NULL, NULL, NULL),
(2054, 0, 0, '母親の体型はどうですか？', '', '', '', '', '', '', '', '', '', '', '', '', '', '', '', NULL, NULL, NULL, NULL),
(2055, 0, 0, '父親の体型はどうですか？', '', '', '', '', '', '', '', '', '', '', '', '', '', '', '', NULL, NULL, NULL, NULL),
(2056, 0, 0, '砂糖入りのコーヒーやジュースなどの清涼飲料水をよく飲むほうですか？', '', '', '', '', '', '', '', '', '', '', '', '', '', '', '', NULL, NULL, NULL, NULL),
(2099, 0, 0, '種目を教えてください', '', '', '', '', '', '', '', '', '', '', '', '', '', '', '', NULL, NULL, NULL, NULL),
(2101, 0, 1, 'うつうつとした気分の落ち込みはありますか？', '', '', '', '', '', '', '', '', '', '', '', '', '', '', '', NULL, NULL, NULL, NULL),
(2102, 0, 1, '物事に集中したり、何かを始める気力がありますか？', '', '', '', '', '', '', '', '', '', '', '', '', '', '', '', NULL, NULL, NULL, NULL),
(2103, 0, 1, '週末は気分転換に出かけたり、趣味の時間を取れていますか？', '', '', '', '', '', '', '', '', '', '', '', '', '', '', '', NULL, NULL, NULL, NULL),
(2104, 0, 1, '今までは楽しかった事、趣味は出来ていますか？', '', '', '', '', '', '', '', '', '', '', '', '', '', '', '', NULL, NULL, NULL, NULL),
(2105, 0, 0, '気分の落ち込みに一日の中で変動はありますか？', '', '', '', '', '', '', '', '', '', '', '', '', '', '', '', NULL, NULL, NULL, NULL),
(2106, 0, 0, '気分の落ち込みが一番つらいのはどの時間帯ですか？', '', '', '', '', '', '', '', '', '', '', '', '', '', '', '', NULL, NULL, NULL, NULL),
(2107, 0, 1, '睡眠は十分に取れていますか？', '', '', '', '', '', '', '', '', '', '', '', '', '', '', '', NULL, NULL, NULL, NULL),
(2108, 0, 1, 'どのように睡眠が不足していますか？', '', '', '', '', '', '', '', '', '', '', '', '', '', '', '', NULL, NULL, NULL, NULL),
(2109, 0, 1, '食欲はありますか？', '', '', '', '', '', '', '', '', '', '', '', '', '', '', '', NULL, NULL, NULL, NULL),
(2110, 0, 1, 'いつもに比べて、ここ2週間の食事の量はどうですか？', '', '', '', '', '', '', '', '', '', '', '', '', '', '', '', NULL, NULL, NULL, NULL),
(2111, 0, 1, '季節・天候・体調などで食欲が変わりやすい時期ですか？', '', '', '', '', '', '', '', '', '', '', '', '', '', '', '', NULL, NULL, NULL, NULL),
(2112, 0, 1, 'この2週間で大幅な（±5%以上）の体重変動がありましたか？', '', '', '', '', '', '', '', '', '', '', '', '', '', '', '', NULL, NULL, NULL, NULL),
(2113, 0, 0, '体重はどの程度変わりましたか？', '', '', '', '', '', '', '', '', '', '', '', '', '', '', '', NULL, NULL, NULL, NULL),
(2114, 0, 0, 'その他、体調で何か気になることがありますか？', '', '', '', '', '', '', '', '', '', '', '', '', '', '', '', NULL, NULL, NULL, NULL),
(2115, 0, 0, 'どのような症状ですか？', '', '', '', '', '', '', '', '', '', '', '', '', '', '', '', NULL, NULL, NULL, NULL),
(2116, 0, 0, '気分の落ち込みのきっかけとなるような出来事はありましたか？', '', '', '', '', '', '', '', '', '', '', '', '', '', '', '', NULL, NULL, NULL, NULL),
(2117, 0, 0, 'どのような出来事ですか？', '', '', '', '', '', '', '', '', '', '', '', '', '', '', '', NULL, NULL, NULL, NULL),
(2118, 0, 1, 'このようなことになった責任は自分にあると思いますか？', '', '', '', '', '', '', '', '', '', '', '', '', '', '', '', NULL, NULL, NULL, NULL),
(2119, 0, 1, '現在周囲の人に迷惑をかけていると思いますか？', '', '', '', '', '', '', '', '', '', '', '', '', '', '', '', NULL, NULL, NULL, NULL),
(2120, 0, 1, 'この世から消えていなくなりたいと思うことがありますか？', '', '', '', '', '', '', '', '', '', '', '', '', '', '', '', NULL, NULL, NULL, NULL),
(2121, 0, 0, 'コンビニエンスストアのお弁当やファミリーレストランの料理と比べて、いつものあなたの食事の味はどうですか？', '', '', '', '', '', '', '', '', '', '', '', '', '', '', '', NULL, NULL, NULL, NULL),
(2122, 0, 0, '食べるはやさは他の人に比べてどうですか？', '', '', '', '', '', '', '', '', '', '', '', '', '', '', '', NULL, NULL, NULL, NULL),
(2123, 0, 0, '唐揚げはよく食べますか？', '', '', '', '', '', '', '', '', '', '', '', '', '', '', '', NULL, NULL, NULL, NULL),
(2124, 0, 0, '卵の黄身と白身どちらが好きですか？', '', '', '', '', '', '', '', '', '', '', '', '', '', '', '', NULL, NULL, NULL, NULL),
(2125, 0, 1, 'あなたの食事の量は周りの同世代、同じ性別の人と比べてどうですか？', '', '', '', '', '', '', '', '', '', '', '', '', '', '', '', NULL, NULL, NULL, NULL),
(2126, 0, 0, 'これまでに健診などで高血圧、高脂血症、糖尿病といわれたことがある。または、心筋梗塞、狭心症、脳梗塞などに罹患したことがある。', '', '', '', '', '', '', '', '', '', '', '', '', '', '', '', NULL, NULL, NULL, NULL),
(2127, 0, 1, 'あなたの職業を教えてください。', '', '', '', '', '', '', '', '', '', '', '', '', '', '', '', NULL, NULL, NULL, NULL),
(2128, 0, 1, '現在何か定期的な運動をしていますか？', '', '', '', '', '', '', '', '', '', '', '', '', '', '', '', NULL, NULL, NULL, NULL),
(2129, 0, 0, '既往歴を教えてください。', '', '', '', '', '', '', '', '', '', '', '', '', '', '', '', NULL, NULL, NULL, NULL),
(2130, 0, 1, 'あなたの食事の量は周りの同世代、同じ性別の人と比べてどうですか？', '', '', '', '', '', '', '', '', '', '', '', '', '', '', '', NULL, NULL, NULL, NULL),
(5001, 0, 1, '指導された運動をはじめましたか？', '', '', '', '', '', '', '', '', '', '', '', '', '', '', '', NULL, NULL, NULL, 0),
(5002, 0, 1, 'その運動を続けることができそうですか？', '', '', '', '', '', '', '', '', '', '', '', '', '', '', '', NULL, NULL, NULL, 0),
(5003, 0, 1, '続けることが難しい一番の理由は以下のどれですか？', '', '', '', '', '', '', '', '', '', '', '', '', '', '', '', NULL, NULL, NULL, 0),
(5004, 0, 1, '指導された運動をはじめましたか？', '', '', '', '', '', '', '', '', '', '', '', '', '', '', '', NULL, NULL, NULL, 1),
(5005, 0, 1, '現在も運動を続けていますか？', '', '', '', '', '', '', '', '', '', '', '', '', '', '', '', NULL, NULL, NULL, 1),
(5006, 0, 1, 'どんな運動をどの程度していますか？', '', '', '', '', '', '', '', '', '', '', '', '', '', '', '', NULL, NULL, NULL, 1),
(5007, 0, 1, '運動内容で支障になることがありますか？', '', '', '', '', '', '', '', '', '', '', '', '', '', '', '', NULL, NULL, NULL, 1),
(5008, 0, 1, '体調に変化はありますか？', '', '', '', '', '', '', '', '', '', '', '', '', '', '', '', NULL, NULL, NULL, 1),
(5009, 0, 1, '運動後はいかがですか？', '', '', '', '', '', '', '', '', '', '', '', '', '', '', '', NULL, NULL, NULL, 1),
(5010, 0, 1, '現在のまま運動を続けられそうですか？', '', '', '', '', '', '', '', '', '', '', '', '', '', '', '', NULL, NULL, NULL, 1),
(5011, 0, 1, '現在の体重を教えてください。', '', '', '', '', '', '', '', '', '', '', '', '', '', '', '', NULL, NULL, NULL, 1),
(5012, 0, 1, 'どんな運動をどの程度していますか？', '', '', '', '', '', '', '', '', '', '', '', '', '', '', '', NULL, NULL, NULL, 0),
(5013, 0, 1, '現在の体重を教えてください。', '', '', '', '', '', '', '', '', '', '', '', '', '', '', '', NULL, NULL, NULL, 1),
(5014, 0, 1, '現在の体重を教えてください。', '', '', '', '', '', '', '', '', '', '', '', '', '', '', '', NULL, NULL, NULL, 0);

-- --------------------------------------------------------

--
-- テーブルの構造 `m_section_set`
--

CREATE TABLE IF NOT EXISTS `m_section_set` (
  `section_set_id` int(11) NOT NULL COMMENT '問診パターンID',
  `section_set_name` varchar(100) DEFAULT NULL,
  `flg_random` tinyint(1) DEFAULT '1' COMMENT 'ランダム表示 1:ランダム  0:通常',
  `mental_band_min` int(2) DEFAULT '0' COMMENT 'ランダム時のメンタル質問表示幅',
  `mental_band_max` int(2) DEFAULT '0' COMMENT 'ランダム時のメンタル質問表示幅',
  `flg_followup` tinyint(1) DEFAULT '1' COMMENT 'フォローアップを行うかどうか 1:行う  0:行わない',
  PRIMARY KEY (`section_set_id`)
) ENGINE=InnoDB DEFAULT CHARSET=utf8 COMMENT='問診パターンID管理マスタ';

--
-- テーブルのデータのダンプ `m_section_set`
--

INSERT INTO `m_section_set` (`section_set_id`, `section_set_name`, `flg_random`, `mental_band_min`, `mental_band_max`, `flg_followup`) VALUES
(31, '生活習慣診断 PRO版', 1, 2, 8, 1),
(32, '生活習慣診断 通常版', 1, 2, 6, 1),
(33, '生活習慣診断 簡易版', 1, 4, 8, 0),
(34, '生活習慣診断 超簡易版', 0, 0, 0, 0),
(35, '生活習慣診断 メンタル版', 0, 0, 0, 0),
(51, 'フォローアップ問診　第2週', 1, 0, 0, 1),
(52, 'フォローアップ問診　第4週', 1, 0, 0, 1),
(53, 'フォローアップ問診　第6週', 1, 0, 0, 1),
(54, 'フォローアップ問診　第8週', 1, 0, 0, 1),
(55, 'フォローアップ問診　第12週', 1, 0, 0, 1),
(56, 'フォローアップ問診　第24週', 1, 0, 0, 1),
(57, 'フォローアップ問診　第36週', 1, 0, 0, 1),
(58, 'フォローアップ問診　第48週', 1, 0, 0, 1);

-- --------------------------------------------------------

--
-- テーブルの構造 `m_section_set_contents`
--

CREATE TABLE IF NOT EXISTS `m_section_set_contents` (
  `section_set_id` int(11) NOT NULL,
  `section_id` int(11) NOT NULL,
  `page_num` int(11) DEFAULT NULL COMMENT '表示するページ番号',
  `order_section` int(11) DEFAULT NULL COMMENT '設問の並び順',
  `flg_display` tinyint(1) DEFAULT '1',
  `section_type` enum('mental','metabo') DEFAULT 'metabo' COMMENT '質問種類',
  `display_position` tinyint(1) DEFAULT '2' COMMENT '表示位置 1:固定（前） 2:ランダム 3:固定（後） ',
  `block_id` varchar(5) DEFAULT '' COMMENT 'ブロックID',
  `party_id` varchar(5) DEFAULT '' COMMENT 'パーティID',
  PRIMARY KEY (`section_set_id`,`section_id`)
) ENGINE=InnoDB DEFAULT CHARSET=utf8 COMMENT='問診の設問グループ情報マスタ';

--
-- テーブルのデータのダンプ `m_section_set_contents`
--

INSERT INTO `m_section_set_contents` (`section_set_id`, `section_id`, `page_num`, `order_section`, `flg_display`, `section_type`, `display_position`, `block_id`, `party_id`) VALUES
(31, 2004, 1, 1, 1, 'metabo', 1, '1', '1'),
(31, 2005, 1, 2, 1, 'metabo', 1, '1', '2'),
(31, 2006, 1, 3, 1, 'metabo', 1, '1', '3'),
(31, 2007, 1, 4, 1, 'metabo', 1, '1', '4'),
(31, 2008, 1, 5, 1, 'metabo', 2, '2', '1'),
(31, 2009, 1, 6, 1, 'metabo', 2, '2', '2'),
(31, 2010, 1, 7, 1, 'metabo', 2, '2', '3'),
(31, 2011, 1, 8, 1, 'metabo', 2, '2', '4'),
(31, 2012, 1, 9, 1, 'metabo', 2, '2', '5'),
(31, 2013, 2, 1, 1, 'metabo', 2, '2', '6'),
(31, 2014, 2, 2, 1, 'metabo', 2, '3', '1'),
(31, 2015, 2, 3, 1, 'metabo', 2, '3', '1'),
(31, 2016, 2, 4, 1, 'metabo', 2, '3', '2'),
(31, 2017, 2, 5, 1, 'metabo', 2, '3', '3'),
(31, 2018, 2, 6, 1, 'metabo', 2, '4', '1'),
(31, 2019, 3, 1, 1, 'metabo', 2, '5', '1'),
(31, 2020, 3, 2, 1, 'metabo', 2, '5', '1'),
(31, 2021, 3, 3, 1, 'metabo', 2, '5', '1'),
(31, 2022, 3, 4, 1, 'metabo', 2, '5', '2'),
(31, 2023, 3, 5, 1, 'metabo', 2, '6', '1'),
(31, 2024, 3, 10, 1, 'metabo', 2, '6', '1'),
(31, 2027, 3, 12, 1, 'metabo', 2, '6', '3'),
(31, 2028, 4, 1, 1, 'metabo', 2, '6', '4'),
(31, 2029, 4, 2, 1, 'metabo', 2, '6', '4'),
(31, 2030, 4, 3, 1, 'metabo', 2, '6', '5'),
(31, 2031, 4, 4, 1, 'metabo', 2, '6', '6'),
(31, 2032, 4, 6, 1, 'metabo', 2, '6', '8'),
(31, 2033, 4, 7, 1, 'metabo', 2, '7', '1'),
(31, 2034, 5, 1, 1, 'metabo', 2, '7', '2'),
(31, 2035, 5, 2, 1, 'metabo', 2, '7', '3'),
(31, 2036, 5, 3, 1, 'metabo', 2, '7', '4'),
(31, 2037, 5, 4, 1, 'metabo', 2, '8', '1'),
(31, 2038, 5, 6, 1, 'metabo', 2, '8', '1'),
(31, 2039, 5, 7, 1, 'metabo', 2, '8', '2'),
(31, 2040, 5, 8, 1, 'metabo', 2, '8', '3'),
(31, 2041, 6, 1, 1, 'metabo', 2, '7', '5'),
(31, 2042, 6, 2, 1, 'metabo', 2, '5', '3'),
(31, 2043, 6, 3, 1, 'metabo', 2, '5', '4'),
(31, 2044, 6, 4, 1, 'metabo', 2, '8', '4'),
(31, 2045, 6, 5, 1, 'metabo', 3, '1', '1'),
(31, 2053, 1, 10, 1, 'metabo', 1, '1', '5'),
(31, 2054, 2, 7, 1, 'metabo', 2, '4', '2'),
(31, 2055, 2, 8, 1, 'metabo', 2, '4', '3'),
(31, 2056, 4, 5, 1, 'metabo', 2, '6', '7'),
(31, 2099, 5, 5, 1, 'metabo', 2, '8', '1'),
(31, 2101, 7, 1, 1, 'mental', NULL, '1', '1'),
(31, 2102, 7, 2, 1, 'mental', NULL, '1', '2'),
(31, 2103, 7, 3, 1, 'mental', NULL, '1', '3'),
(31, 2104, 7, 4, 1, 'mental', NULL, '1', '4'),
(31, 2105, 7, 5, 1, 'mental', NULL, '1', '5'),
(31, 2106, 7, 6, 1, 'mental', NULL, '1', '5'),
(31, 2107, 8, 1, 1, 'mental', NULL, '1', '6'),
(31, 2108, 8, 2, 1, 'mental', NULL, '1', '6'),
(31, 2109, 8, 3, 1, 'mental', NULL, '1', '7'),
(31, 2110, 8, 4, 1, 'mental', NULL, '1', '7'),
(31, 2111, 8, 5, 1, 'mental', NULL, '1', '8'),
(31, 2112, 8, 6, 1, 'mental', NULL, '1', '9'),
(31, 2113, 8, 7, 1, 'mental', NULL, '1', '9'),
(31, 2114, 7, 7, 1, 'mental', NULL, '1', '10'),
(31, 2115, 7, 8, 1, 'mental', NULL, '1', '10'),
(31, 2116, 7, 9, 1, 'mental', NULL, '1', '10'),
(31, 2117, 7, 10, 1, 'mental', NULL, '1', '10'),
(31, 2118, 7, 11, 1, 'mental', NULL, '1', '10'),
(31, 2119, 7, 12, 1, 'mental', NULL, '1', '10'),
(31, 2120, 7, 13, 1, 'mental', NULL, '1', '10'),
(31, 2121, 3, 6, 1, 'metabo', 2, '6', '1'),
(31, 2122, 3, 7, 1, 'metabo', 2, '6', '1'),
(31, 2123, 3, 8, 1, 'metabo', 2, '6', '1'),
(31, 2124, 3, 9, 1, 'metabo', 2, '6', '1'),
(31, 2130, 3, 11, 1, 'metabo', 2, '6', '2'),
(32, 2004, 1, 1, 1, 'metabo', 1, '1', '1'),
(32, 2005, 1, 2, 1, 'metabo', 1, '1', '1'),
(32, 2006, 1, 3, 1, 'metabo', 1, '1', '1'),
(32, 2007, 1, 4, 1, 'metabo', 1, '1', '1'),
(32, 2008, 1, 5, 1, 'metabo', 2, '2', '1'),
(32, 2009, 1, 6, 1, 'metabo', 2, '2', '2'),
(32, 2010, 1, 7, 1, 'metabo', 2, '2', '3'),
(32, 2011, 1, 8, 1, 'metabo', 2, '2', '4'),
(32, 2012, 1, 9, 1, 'metabo', 2, '2', '5'),
(32, 2013, 2, 1, 1, 'metabo', 2, '2', '6'),
(32, 2014, 2, 2, 1, 'metabo', 2, '3', '1'),
(32, 2015, 2, 3, 1, 'metabo', 2, '3', '1'),
(32, 2016, 2, 4, 1, 'metabo', 2, '3', '2'),
(32, 2017, 2, 5, 1, 'metabo', 2, '3', '3'),
(32, 2018, 2, 6, 1, 'metabo', 2, '4', '1'),
(32, 2019, 3, 1, 1, 'metabo', 2, '5', '1'),
(32, 2020, 3, 2, 1, 'metabo', 2, '5', '1'),
(32, 2021, 3, 3, 1, 'metabo', 2, '5', '1'),
(32, 2022, 3, 4, 1, 'metabo', 2, '5', '2'),
(32, 2023, 3, 5, 1, 'metabo', 2, '6', '1'),
(32, 2024, 3, 6, 1, 'metabo', 2, '6', '1'),
(32, 2027, 3, 12, 1, 'metabo', 2, '6', '3'),
(32, 2028, 4, 1, 1, 'metabo', 2, '6', '4'),
(32, 2029, 4, 2, 1, 'metabo', 2, '6', '4'),
(32, 2030, 4, 3, 1, 'metabo', 2, '6', '5'),
(32, 2031, 4, 4, 1, 'metabo', 2, '6', '6'),
(32, 2032, 4, 6, 1, 'metabo', 2, '6', '8'),
(32, 2033, 4, 7, 1, 'metabo', 2, '7', '1'),
(32, 2034, 5, 1, 1, 'metabo', 2, '7', '2'),
(32, 2035, 5, 2, 1, 'metabo', 2, '7', '3'),
(32, 2036, 5, 3, 1, 'metabo', 2, '7', '4'),
(32, 2037, 5, 4, 1, 'metabo', 2, '8', '1'),
(32, 2038, 5, 6, 1, 'metabo', 2, '8', '1'),
(32, 2039, 5, 7, 1, 'metabo', 2, '8', '2'),
(32, 2040, 5, 8, 1, 'metabo', 2, '8', '3'),
(32, 2041, 6, 1, 1, 'metabo', 2, '7', '1'),
(32, 2042, 6, 2, 1, 'metabo', 2, '5', '3'),
(32, 2043, 6, 3, 1, 'metabo', 2, '5', '2'),
(32, 2044, 6, 4, 1, 'metabo', 2, '8', '4'),
(32, 2053, 1, 10, 1, 'metabo', 1, '1', '1'),
(32, 2054, 2, 7, 1, 'metabo', 2, '4', '2'),
(32, 2055, 2, 8, 1, 'metabo', 2, '4', '3'),
(32, 2056, 4, 5, 1, 'metabo', 2, '6', '7'),
(32, 2099, 5, 5, 1, 'metabo', 2, '8', '1'),
(32, 2101, 7, 1, 1, 'mental', NULL, '1', '1'),
(32, 2102, 7, 2, 1, 'mental', NULL, '1', '2'),
(32, 2103, 7, 3, 1, 'mental', NULL, '1', '3'),
(32, 2104, 7, 4, 1, 'mental', NULL, '1', '4'),
(32, 2105, 7, 5, 1, 'mental', NULL, '1', '5'),
(32, 2106, 7, 6, 1, 'mental', NULL, '1', '5'),
(32, 2107, 8, 1, 1, 'mental', NULL, '1', '6'),
(32, 2108, 8, 2, 1, 'mental', NULL, '1', '6'),
(32, 2109, 8, 3, 1, 'mental', NULL, '1', '7'),
(32, 2110, 8, 4, 1, 'mental', NULL, '1', '7'),
(32, 2111, 8, 5, 1, 'mental', NULL, '1', '8'),
(32, 2112, 8, 6, 1, 'mental', NULL, '1', '9'),
(32, 2113, 8, 7, 1, 'mental', NULL, '1', '9'),
(32, 2114, 7, 7, 1, 'mental', NULL, '1', '10'),
(32, 2115, 7, 8, 1, 'mental', NULL, '1', '10'),
(32, 2116, 7, 9, 1, 'mental', NULL, '1', '10'),
(32, 2117, 7, 10, 1, 'mental', NULL, '1', '10'),
(32, 2118, 7, 11, 1, 'mental', NULL, '1', '10'),
(32, 2119, 7, 12, 1, 'mental', NULL, '1', '10'),
(32, 2120, 7, 13, 1, 'mental', NULL, '1', '10'),
(32, 2130, 3, 11, 1, 'metabo', 2, '6', '2'),
(33, 2005, 1, 1, 1, 'metabo', 1, '1', '1'),
(33, 2006, 1, 2, 1, 'metabo', 1, '1', '2'),
(33, 2007, 1, 3, 1, 'metabo', 1, '1', '3'),
(33, 2013, 1, 4, 1, 'metabo', 1, '1', '4'),
(33, 2014, 2, 1, 1, 'metabo', 2, '2', '1'),
(33, 2015, 2, 2, 1, 'metabo', 2, '2', '1'),
(33, 2019, 2, 3, 1, 'metabo', 2, '3', '1'),
(33, 2020, 2, 4, 1, 'metabo', 2, '3', '1'),
(33, 2021, 2, 5, 1, 'metabo', 2, '3', '1'),
(33, 2023, 2, 6, 1, 'metabo', 2, '3', '2'),
(33, 2024, 2, 7, 1, 'metabo', 2, '3', '2'),
(33, 2027, 2, 9, 1, 'metabo', 2, '3', '3'),
(33, 2028, 3, 1, 1, 'metabo', 2, '3', '4'),
(33, 2029, 3, 2, 1, 'metabo', 2, '3', '4'),
(33, 2034, 3, 3, 1, 'metabo', 2, '4', '1'),
(33, 2035, 3, 4, 1, 'metabo', 2, '4', '2'),
(33, 2037, 3, 5, 1, 'metabo', 2, '4', '3'),
(33, 2038, 3, 7, 1, 'metabo', 2, '4', '3'),
(33, 2099, 3, 6, 1, 'metabo', 2, '4', '3'),
(33, 2101, 4, 1, 1, 'mental', NULL, '1', '1'),
(33, 2102, 4, 2, 1, 'mental', NULL, '1', '2'),
(33, 2103, 4, 3, 1, 'mental', NULL, '1', '3'),
(33, 2104, 4, 4, 1, 'mental', NULL, '1', '4'),
(33, 2105, 4, 5, 1, 'mental', NULL, '1', '5'),
(33, 2106, 4, 6, 1, 'mental', NULL, '1', '5'),
(33, 2107, 5, 1, 1, 'mental', NULL, '1', '6'),
(33, 2108, 5, 2, 1, 'mental', NULL, '1', '6'),
(33, 2109, 5, 3, 1, 'mental', NULL, '1', '7'),
(33, 2110, 5, 4, 1, 'mental', NULL, '1', '7'),
(33, 2111, 5, 5, 1, 'mental', NULL, '1', '8'),
(33, 2112, 5, 6, 1, 'mental', NULL, '1', '9'),
(33, 2113, 5, 7, 1, 'mental', NULL, '1', '9'),
(33, 2114, 4, 7, 1, 'mental', NULL, '1', '10'),
(33, 2115, 4, 8, 1, 'mental', NULL, '1', '10'),
(33, 2116, 4, 9, 1, 'mental', NULL, '1', '10'),
(33, 2117, 4, 10, 1, 'mental', NULL, '1', '10'),
(33, 2118, 4, 11, 1, 'mental', NULL, '1', '10'),
(33, 2119, 4, 12, 1, 'mental', NULL, '1', '10'),
(33, 2120, 4, 13, 1, 'mental', NULL, '1', '10'),
(33, 2130, 2, 8, 1, 'metabo', 2, '3', '5'),
(34, 2006, 1, 2, 1, 'metabo', 1, '', ''),
(34, 2007, 1, 3, 1, 'metabo', 1, '', ''),
(34, 2023, 2, 1, 0, 'metabo', 2, '', ''),
(34, 2038, 2, 5, 1, 'metabo', 2, '', ''),
(34, 2099, 2, 4, 1, 'metabo', 2, '', ''),
(34, 2101, 3, 1, 1, 'mental', NULL, '', ''),
(34, 2102, 3, 2, 1, 'mental', NULL, '', ''),
(34, 2103, 3, 3, 1, 'mental', NULL, '', ''),
(34, 2104, 3, 4, 1, 'mental', NULL, '', ''),
(34, 2105, 3, 5, 1, 'mental', NULL, '', ''),
(34, 2106, 3, 6, 1, 'mental', NULL, '', ''),
(34, 2107, 4, 1, 1, 'mental', NULL, '', ''),
(34, 2108, 4, 2, 1, 'mental', NULL, '', ''),
(34, 2109, 4, 3, 1, 'mental', NULL, '', ''),
(34, 2110, 4, 4, 1, 'mental', NULL, '', ''),
(34, 2111, 4, 5, 1, 'mental', NULL, '', ''),
(34, 2112, 4, 6, 1, 'mental', NULL, '', ''),
(34, 2113, 4, 7, 1, 'mental', NULL, '', ''),
(34, 2114, 3, 7, 1, 'mental', NULL, '', ''),
(34, 2115, 3, 8, 1, 'mental', NULL, '', ''),
(34, 2116, 3, 9, 1, 'mental', NULL, '', ''),
(34, 2117, 3, 10, 1, 'mental', NULL, '', ''),
(34, 2118, 3, 11, 1, 'mental', NULL, '', ''),
(34, 2119, 3, 12, 1, 'mental', NULL, '', ''),
(34, 2120, 3, 13, 1, 'mental', NULL, '', ''),
(34, 2125, 2, 2, 1, 'metabo', 2, '', ''),
(34, 2126, 2, 6, 1, 'metabo', 2, '', ''),
(34, 2127, 1, 1, 1, 'metabo', 2, '', ''),
(34, 2128, 2, 3, 1, 'metabo', 2, '', ''),
(35, 2101, 1, 1, 1, 'mental', 0, '', ''),
(35, 2102, 1, 2, 1, 'mental', 0, '', ''),
(35, 2103, 1, 3, 1, 'mental', 0, '', ''),
(35, 2104, 1, 4, 1, 'mental', 0, '', ''),
(35, 2105, 1, 5, 1, 'mental', 0, '', ''),
(35, 2106, 1, 6, 1, 'mental', 0, '', ''),
(35, 2107, 2, 1, 1, 'mental', 0, '', ''),
(35, 2108, 2, 2, 1, 'mental', 0, '', ''),
(35, 2109, 2, 3, 1, 'mental', 0, '', ''),
(35, 2110, 2, 4, 1, 'mental', 0, '', ''),
(35, 2111, 2, 5, 1, 'mental', 0, '', ''),
(35, 2112, 2, 6, 1, 'mental', 0, '', ''),
(35, 2113, 2, 7, 1, 'mental', 0, '', ''),
(35, 2114, 1, 7, 1, 'mental', 0, '', ''),
(35, 2115, 1, 8, 1, 'mental', 0, '', ''),
(35, 2116, 1, 9, 1, 'mental', 0, '', ''),
(35, 2117, 1, 10, 1, 'mental', 0, '', ''),
(35, 2118, 1, 11, 1, 'mental', 0, '', ''),
(35, 2119, 1, 12, 1, 'mental', 0, '', ''),
(35, 2120, 1, 13, 1, 'mental', 0, '', ''),
(51, 5002, 1, 3, 1, 'metabo', 2, '', ''),
(51, 5003, 1, 4, 1, 'metabo', 2, '', ''),
(51, 5004, 1, 1, 1, 'metabo', 2, '', ''),
(52, 5001, 1, 1, 1, 'metabo', 2, '', ''),
(52, 5002, 1, 3, 1, 'metabo', 2, '', ''),
(52, 5003, 1, 4, 1, 'metabo', 2, '', ''),
(52, 5005, 1, 1, 1, 'metabo', 2, '', ''),
(52, 5006, 1, 2, 1, 'metabo', 2, '', ''),
(52, 5007, 1, 3, 1, 'metabo', 2, '', ''),
(52, 5008, 1, 4, 1, 'metabo', 2, '', ''),
(52, 5012, 1, 2, 1, 'metabo', 2, '', ''),
(53, 5001, 1, 1, 1, 'metabo', 2, '', ''),
(53, 5002, 1, 3, 1, 'metabo', 2, '', ''),
(53, 5003, 1, 4, 1, 'metabo', 2, '', ''),
(53, 5005, 1, 1, 1, 'metabo', 2, '', ''),
(53, 5006, 1, 2, 1, 'metabo', 2, '', ''),
(53, 5007, 1, 3, 1, 'metabo', 2, '', ''),
(53, 5008, 1, 4, 1, 'metabo', 2, '', ''),
(53, 5012, 1, 2, 1, 'metabo', 2, '', ''),
(54, 5001, 1, 1, 1, 'metabo', 2, '', ''),
(54, 5002, 1, 3, 1, 'metabo', 2, '', ''),
(54, 5003, 1, 4, 1, 'metabo', 2, '', ''),
(54, 5005, 1, 1, 1, 'metabo', 2, '', ''),
(54, 5006, 1, 2, 1, 'metabo', 2, '', ''),
(54, 5007, 1, 3, 1, 'metabo', 2, '', ''),
(54, 5008, 1, 4, 1, 'metabo', 2, '', ''),
(54, 5009, 1, 5, 1, 'metabo', 2, '', ''),
(54, 5010, 1, 6, 1, 'metabo', 2, '', ''),
(54, 5011, 1, 7, 1, 'metabo', 2, '', ''),
(54, 5012, 1, 2, 1, 'metabo', 2, '', ''),
(54, 5014, 1, 5, 1, 'metabo', 2, '', ''),
(55, 5001, 1, 1, 1, 'metabo', 2, '', ''),
(55, 5002, 1, 3, 1, 'metabo', 2, '', ''),
(55, 5003, 1, 4, 1, 'metabo', 2, '', ''),
(55, 5005, 1, 1, 1, 'metabo', 2, '', ''),
(55, 5006, 1, 2, 1, 'metabo', 2, '', ''),
(55, 5007, 1, 3, 1, 'metabo', 2, '', ''),
(55, 5008, 1, 4, 1, 'metabo', 2, '', ''),
(55, 5009, 1, 5, 1, 'metabo', 2, '', ''),
(55, 5010, 1, 6, 1, 'metabo', 2, '', ''),
(55, 5011, 1, 7, 1, 'metabo', 2, '', ''),
(55, 5012, 1, 2, 1, 'metabo', 2, '', ''),
(55, 5014, 1, 5, 1, 'metabo', 2, '', ''),
(56, 5001, 1, 1, 1, 'metabo', 2, '', ''),
(56, 5002, 1, 3, 1, 'metabo', 2, '', ''),
(56, 5003, 1, 4, 1, 'metabo', 2, '', ''),
(56, 5005, 1, 1, 1, 'metabo', 2, '', ''),
(56, 5006, 1, 2, 1, 'metabo', 2, '', ''),
(56, 5007, 1, 3, 1, 'metabo', 2, '', ''),
(56, 5008, 1, 4, 1, 'metabo', 2, '', ''),
(56, 5009, 1, 5, 1, 'metabo', 2, '', ''),
(56, 5010, 1, 6, 1, 'metabo', 2, '', ''),
(56, 5011, 1, 7, 1, 'metabo', 2, '', ''),
(56, 5012, 1, 2, 1, 'metabo', 2, '', ''),
(56, 5014, 1, 5, 1, 'metabo', 2, '', ''),
(57, 5001, 1, 1, 1, 'metabo', 2, '', ''),
(57, 5002, 1, 3, 1, 'metabo', 2, '', ''),
(57, 5003, 1, 4, 1, 'metabo', 2, '', ''),
(57, 5005, 1, 1, 1, 'metabo', 2, '', ''),
(57, 5006, 1, 2, 1, 'metabo', 2, '', ''),
(57, 5007, 1, 3, 1, 'metabo', 2, '', ''),
(57, 5008, 1, 4, 1, 'metabo', 2, '', ''),
(57, 5009, 1, 5, 1, 'metabo', 2, '', ''),
(57, 5010, 1, 6, 1, 'metabo', 2, '', ''),
(57, 5011, 1, 7, 1, 'metabo', 2, '', ''),
(57, 5012, 1, 2, 1, 'metabo', 2, '', ''),
(57, 5014, 1, 5, 1, 'metabo', 2, '', ''),
(58, 5001, 1, 1, 1, 'metabo', 2, '', ''),
(58, 5002, 1, 3, 1, 'metabo', 2, '', ''),
(58, 5003, 1, 4, 1, 'metabo', 2, '', ''),
(58, 5005, 1, 1, 1, 'metabo', 2, '', ''),
(58, 5006, 1, 2, 1, 'metabo', 2, '', ''),
(58, 5007, 1, 3, 1, 'metabo', 2, '', ''),
(58, 5008, 1, 4, 1, 'metabo', 2, '', ''),
(58, 5009, 1, 5, 1, 'metabo', 2, '', ''),
(58, 5010, 1, 6, 1, 'metabo', 2, '', ''),
(58, 5011, 1, 7, 1, 'metabo', 2, '', ''),
(58, 5012, 1, 2, 1, 'metabo', 2, '', ''),
(58, 5014, 1, 5, 1, 'metabo', 2, '', '');

-- --------------------------------------------------------

--
-- テーブルの構造 `m_tenant`
--

CREATE TABLE IF NOT EXISTS `m_tenant` (
  `tenant_id` int(11) NOT NULL AUTO_INCREMENT,
  `tenant_name` varchar(50) NOT NULL,
  `logo_url` varchar(100) NOT NULL,
  `valid` tinyint(4) DEFAULT NULL,
  `interview_type` tinyint(4) NOT NULL DEFAULT '1',
  `token` varchar(12) NOT NULL,
  PRIMARY KEY (`tenant_id`),
  UNIQUE KEY `token` (`token`)
) ENGINE=InnoDB DEFAULT CHARSET=utf8 AUTO_INCREMENT=1 ;

-- --------------------------------------------------------

--
-- テーブルの構造 `setcookie`
--

CREATE TABLE IF NOT EXISTS `setcookie` (
  `id` int(11) NOT NULL AUTO_INCREMENT,
  `setcookie` text NOT NULL,
  `interview_id` text NOT NULL,
  PRIMARY KEY (`id`)
) ENGINE=InnoDB DEFAULT CHARSET=latin1 AUTO_INCREMENT=1 ;

-- --------------------------------------------------------

--
-- テーブルの構造 `t_account`
--

CREATE TABLE IF NOT EXISTS `t_account` (
  `account_id` int(11) NOT NULL AUTO_INCREMENT,
  `tenant_id` int(11) NOT NULL,
  `login_name` varchar(45) DEFAULT NULL COMMENT 'ログイン名',
  `name` varchar(45) DEFAULT NULL COMMENT '氏名',
  `name_kana` varchar(45) DEFAULT NULL COMMENT '氏名かな',
  `password` blob COMMENT 'ログインパスワード',
  `role_id` int(11) DEFAULT NULL,
  `valid` tinyint(1) DEFAULT NULL COMMENT '有効無効\nTrue:有効\nFlase：無効',
  `remember_token` varchar(255) NOT NULL,
  `create_datetime` datetime DEFAULT NULL COMMENT '作成日時',
  `update_datetime` datetime DEFAULT NULL COMMENT '最終更新日時',
  `update_account_id` int(11) DEFAULT NULL COMMENT '最終更新者',
  PRIMARY KEY (`account_id`),
  KEY `idx_t_account_login_name` (`login_name`)
) ENGINE=InnoDB  DEFAULT CHARSET=utf8 COMMENT='管理者アカウント' AUTO_INCREMENT=2 ;

--
-- テーブルのデータのダンプ `t_account`
--

INSERT INTO `t_account` (`account_id`, `tenant_id`, `login_name`, `name`, `name_kana`, `password`, `role_id`, `valid`, `remember_token`, `create_datetime`, `update_datetime`, `update_account_id`) VALUES
(1, 0, 'system_admin', 'システム管理者', 'システムカンリシャ', 0x24327924313024726b68744a7855493749635262504e4e5533536358652e31753249513375357030656b7465653057316674654f395466324461684f, 0, 1, '', '2014-09-08 00:00:00', NULL, NULL);

-- --------------------------------------------------------

--
-- テーブルの構造 `t_choice_selection`
--

CREATE TABLE IF NOT EXISTS `t_choice_selection` (
  `interview_id` int(11) NOT NULL,
  `choice_id` int(11) NOT NULL,
  `selection` tinyint(1) DEFAULT NULL COMMENT '選択肢が選ばれたかどうか',
  `input_int` int(11) DEFAULT NULL,
  `input_float` float DEFAULT NULL,
  `input_datetime` datetime DEFAULT NULL,
  `input_string` varchar(255) DEFAULT NULL,
  PRIMARY KEY (`interview_id`,`choice_id`)
) ENGINE=InnoDB DEFAULT CHARSET=utf8 COMMENT='問診への回答';

-- --------------------------------------------------------

--
-- テーブルの構造 `t_email_change_request`
--

CREATE TABLE IF NOT EXISTS `t_email_change_request` (
  `validation_key` varchar(255) NOT NULL COMMENT '認証キー',
  `first_interview_id` int(11) NOT NULL COMMENT '初回問診ID',
  `delivery_email` varchar(255) NOT NULL COMMENT '送信先メールアドレス',
  `new_email` varchar(255) NOT NULL COMMENT '変更後のメールアドレス',
  `create_datetime` datetime DEFAULT NULL COMMENT 'アドレス変更申請日（登録日）',
  `update_datetime` datetime DEFAULT NULL COMMENT 'アドレス変更日（更新日）',
  PRIMARY KEY (`validation_key`)
) ENGINE=InnoDB DEFAULT CHARSET=utf8 COMMENT='メールアドレス変更申請テーブル';

-- --------------------------------------------------------

--
-- テーブルの構造 `t_followup`
--

CREATE TABLE IF NOT EXISTS `t_followup` (
  `first_interview_id` int(11) NOT NULL COMMENT '初回問診の問診id',
  `week` int(11) NOT NULL DEFAULT '0' COMMENT 'x週目',
  `type` int(11) NOT NULL COMMENT '問診のタイプ（2,4,6,8,12,24,36,48）',
  `interview_date` datetime DEFAULT NULL COMMENT '初回問診日（t_interviewのfinished_datetimeを保存）',
  `plan_date` date DEFAULT NULL COMMENT '入力予定日',
  `input_date` datetime DEFAULT NULL COMMENT '入力日（今回問診日時）',
  `followup_interview_id` int(11) DEFAULT NULL COMMENT 'フォローアップの問診id',
  `mets` float DEFAULT NULL COMMENT '提示METS値',
  `exercise_value` varchar(1) DEFAULT NULL COMMENT '運動強度判定値（A～I）',
  `propose_calorie` int(11) DEFAULT NULL COMMENT '提示カロリー',
  `current_weight` float DEFAULT NULL COMMENT '現在の体重',
  `target_type` int(11) DEFAULT NULL COMMENT '取組目標',
  `judgment` varchar(6) DEFAULT NULL COMMENT '判定結果（形式：Pxx）',
  `judgment_type` int(11) DEFAULT NULL COMMENT '判定結果詳細',
  `input_time` float DEFAULT NULL COMMENT '入力された運動時間',
  `propose_time` float DEFAULT NULL COMMENT '提示した運動時間',
  `input_count` int(11) DEFAULT NULL COMMENT '入力した運動回数',
  `propose_count` int(11) DEFAULT NULL COMMENT '提示した運動回数',
  `result` int(11) DEFAULT NULL COMMENT '結果（1:Y／0:N）',
  `finish_flg` tinyint(1) DEFAULT NULL COMMENT '終了フラグ（1:終了（この後操作無し）／0：継続）',
  PRIMARY KEY (`first_interview_id`,`week`)
) ENGINE=InnoDB DEFAULT CHARSET=utf8 COMMENT='フォローアップ情報';

-- --------------------------------------------------------

--
-- テーブルの構造 `t_guidance`
--

CREATE TABLE IF NOT EXISTS `t_guidance` (
  `interview_id` int(11) NOT NULL COMMENT '問診id',
  `judge_id` int(11) DEFAULT NULL COMMENT '判定出力結果id',
  `bmi` double DEFAULT NULL COMMENT 'BMI',
  `ideal_weight` int(11) DEFAULT NULL,
  `high_blood_flg` tinyint(1) DEFAULT NULL COMMENT '高血圧フラグ\nTrue：高血圧\nFalse：ではない',
  `diabetes_flg` tinyint(1) DEFAULT NULL COMMENT '糖尿病フラグ\nTrue:糖尿病\nFalse:ではない',
  `hyperlipidemia_flg` tinyint(1) DEFAULT NULL COMMENT '高脂血症フラグ\nTrue:高脂血症\nFalse:ではない',
  `metabo_decision_aids` int(11) DEFAULT NULL COMMENT 'メタボ判定値補助',
  `metabo_decision_value` int(11) DEFAULT NULL COMMENT 'メタボ判定値',
  `forecast` int(11) DEFAULT NULL COMMENT '指導予測値\n1:低い、2:やや低い、3:中等度、4:高い、5:きわめて高い',
  `exercise_value` varchar(2) DEFAULT NULL COMMENT '運動強度判定値',
  `mets_max` float DEFAULT NULL COMMENT 'Mets値 範囲上',
  `mets_min` float DEFAULT NULL COMMENT 'Mets値 範囲下',
  `exercise_example_type` int(11) DEFAULT NULL COMMENT '運動強度指導例',
  `exercise_cnt` int(11) DEFAULT NULL COMMENT '週可能運動（回数）',
  `exercise_time` int(11) DEFAULT NULL COMMENT '週可能運動（時間）',
  `current_calorie` float DEFAULT NULL COMMENT '近日摂取カロリー',
  `ideal_calorie_min` int(11) DEFAULT NULL,
  `ideal_calorie_max` int(11) DEFAULT NULL COMMENT '理想カロリー 範囲上',
  `current_weight` float DEFAULT NULL COMMENT '初回問診時の体重',
  `current_height` float DEFAULT NULL COMMENT '初回問診時の身長',
  PRIMARY KEY (`interview_id`)
) ENGINE=InnoDB DEFAULT CHARSET=utf8 COMMENT='初回問診の指導内容';

-- --------------------------------------------------------

--
-- テーブルの構造 `t_interview`
--

CREATE TABLE IF NOT EXISTS `t_interview` (
  `interview_id` int(11) NOT NULL AUTO_INCREMENT COMMENT '問診id',
  `tenant_id` int(11) NOT NULL,
  `user_id` int(11) DEFAULT NULL COMMENT '会員id',
  `name` varchar(45) DEFAULT NULL COMMENT '氏名',
  `email` varchar(255) DEFAULT NULL COMMENT 'フォローアップ通知を行うメールアドレス',
  `gender` enum('1','2') DEFAULT NULL COMMENT '性別(1:男性,2:女性)',
  `birth_date` date DEFAULT NULL COMMENT '誕生日',
  `invalid` tinyint(1) NOT NULL DEFAULT '0',
  `section_set_id` int(11) NOT NULL COMMENT '問診セットID',
  `interview_type` int(11) NOT NULL COMMENT '問診タイプ\n1:問診\n2:フォローアップ\n3:食事入力\n4:運動入力',
  `instruction` varchar(255) DEFAULT NULL COMMENT '特記事項',
  `create_datetime` timestamp NOT NULL DEFAULT CURRENT_TIMESTAMP COMMENT '作成日時',
  `start_datetime` datetime DEFAULT NULL COMMENT '問診開始日時',
  `finished_datetime` datetime DEFAULT NULL COMMENT '問診完了日時',
  `flg_followup` tinyint(1) DEFAULT '0' COMMENT 'フォローアップを行うかどうか 0：行わない 1：行う 9：メール認証中',
  `validation_key` varchar(32) DEFAULT NULL COMMENT 'メール認証のURL有効化チェックキー',
  `input_raw_data` text NOT NULL,
  `section_set_by_page` text NOT NULL,
  PRIMARY KEY (`interview_id`),
  KEY `idx_t_interview_user_id` (`user_id`)
) ENGINE=InnoDB DEFAULT CHARSET=utf8 COMMENT='問診テーブル' AUTO_INCREMENT=1 ;

-- --------------------------------------------------------

--
-- テーブルの構造 `t_print_history`
--

CREATE TABLE IF NOT EXISTS `t_print_history` (
  `print_history_id` int(11) NOT NULL AUTO_INCREMENT,
  `interview_id` int(11) NOT NULL,
  `account_id` int(11) NOT NULL,
  `name` varchar(45) NOT NULL,
  `view_type` enum('interview','admin','followup','admin_followup') NOT NULL COMMENT 'interview:問診画面 admin:管理画面',
  `create_datetime` datetime NOT NULL,
  PRIMARY KEY (`print_history_id`)
) ENGINE=InnoDB DEFAULT CHARSET=utf8 COMMENT='印刷履歴テーブル' AUTO_INCREMENT=1 ;

-- --------------------------------------------------------

--
-- テーブルの構造 `t_send_followup_mail`
--

CREATE TABLE IF NOT EXISTS `t_send_followup_mail` (
  `send_followup_mail_id` int(11) NOT NULL AUTO_INCREMENT COMMENT '送信id',
  `first_interview_id` int(11) NOT NULL COMMENT '初回問診ID',
  `mail_type` varchar(20) NOT NULL COMMENT 'メールタイプ 通知：notice / リマインド：remind',
  `week` int(11) NOT NULL DEFAULT '0' COMMENT 'x週目',
  `validation_key` varchar(255) NOT NULL COMMENT '送信した暗号化キー',
  `email` varchar(45) NOT NULL COMMENT '送信先アドレス',
  `send_datetime` datetime DEFAULT NULL COMMENT 'メール送信日',
  `send_flg` tinyint(1) DEFAULT NULL COMMENT '送信フラグ',
  PRIMARY KEY (`send_followup_mail_id`)
) ENGINE=InnoDB DEFAULT CHARSET=utf8 COMMENT='通知メール送信履歴テーブル' AUTO_INCREMENT=1 ;

-- --------------------------------------------------------

--
-- テーブルの構造 `t_user`
--

CREATE TABLE IF NOT EXISTS `t_user` (
  `user_id` int(11) NOT NULL AUTO_INCREMENT COMMENT 'システム管理用ユーザーID',
  `login_id` varchar(45) NOT NULL COMMENT 'ログインID',
  `nick_name` varchar(45) NOT NULL COMMENT 'ニックネーム',
  `tenant_id` int(11) NOT NULL COMMENT 'テナントID',
  `insurance_company_code` varchar(8) NOT NULL COMMENT '保険証の事業者コード',
  `insurance_code` varchar(10) NOT NULL COMMENT '保険証の記号',
  `insurance_num` varchar(10) NOT NULL COMMENT '保険証の番号',
  `gender` enum('1','2') NOT NULL COMMENT '性別(1:男性,2:女性)',
  `birth_date` date NOT NULL COMMENT '誕生日（生年月日入力時）',
  `years_old` smallint(6) NOT NULL COMMENT '年齢（年齢入力時）',
  `months_old` tinyint(4) NOT NULL COMMENT '月齢（月齢入力時）',
  `age` int(11) NOT NULL COMMENT '年齢（自動計算）',
  `first_name` varchar(45) DEFAULT NULL COMMENT '名',
  `first_name_kana` varchar(45) DEFAULT NULL COMMENT '名カナ',
  `last_name` varchar(45) DEFAULT NULL COMMENT '姓',
  `last_name_kana` varchar(45) DEFAULT NULL COMMENT '姓カナ',
  `create_datetime` timestamp NOT NULL DEFAULT CURRENT_TIMESTAMP COMMENT '作成日',
  `invalid` tinyint(1) NOT NULL DEFAULT '0' COMMENT '削除フラグ 0:有効、1:削除',
  `email` varchar(45) DEFAULT NULL COMMENT 'Eメール',
  `password` blob COMMENT 'パスワード',
  `last_login_datetime` datetime DEFAULT NULL COMMENT '最終ログイン日時',
  `zip` varchar(8) DEFAULT NULL COMMENT '郵便番号',
  `address` varchar(45) DEFAULT NULL COMMENT '住所',
  `tel` varchar(15) DEFAULT NULL COMMENT '連絡先電話番号',
  `business_zip` varchar(8) DEFAULT NULL COMMENT '会社郵便番号',
  `business_address` varchar(45) DEFAULT NULL COMMENT '会社住所',
  `business_tel` varchar(15) DEFAULT NULL COMMENT '会社電話番号',
  `business_name` varchar(45) DEFAULT NULL COMMENT '会社名',
  `promotion_code` varchar(45) DEFAULT NULL COMMENT 'プロモーションコード',
  `saved_basic_info` tinyint(4) NOT NULL DEFAULT '0' COMMENT '基本情報登録済みフラグ',
  `remember_token` varchar(100) NOT NULL COMMENT 'トークン',
  `interview_step` int(11) NOT NULL COMMENT '問診保存STEP',
  `followup_complete_flag` int(11) NOT NULL COMMENT 'フォローアップ完了フラグ',
  `interview_complete_flag` int(11) NOT NULL COMMENT '生活習慣診断完了フラグ',
  PRIMARY KEY (`user_id`),
  KEY `idx_t_user_email` (`email`),
  KEY `idx_t_user_promotion_code` (`promotion_code`)
) ENGINE=InnoDB DEFAULT CHARSET=utf8 COMMENT='会員情報テーブル' AUTO_INCREMENT=1 ;

/*!40101 SET CHARACTER_SET_CLIENT=@OLD_CHARACTER_SET_CLIENT */;
/*!40101 SET CHARACTER_SET_RESULTS=@OLD_CHARACTER_SET_RESULTS */;
/*!40101 SET COLLATION_CONNECTION=@OLD_COLLATION_CONNECTION */;
